Codigo,Ciudad,Departamento,Barrio,Direccion,Area Terreno,Area Construida,Detalle Disponibilidad,Estrato,Precio,Tipo de Inmueble,Datos Adicionales
2330,BOGOTA,CUNDINAMARCA,SANTA MATILDE,CL 10 SUR # 34B-24 LT 2 MZ X-46 (SANTA MATILDE II SECTOR),559804,0,COMERCIALIZABLE CON RESTRICCION,TRES,134280960000000,LOTE VIVIENDA,
2363,BOGOTA,CUNDINAMARCA,TINTALA,KR 84 CON CL 10 LT # 8 DE SAN JUAN DE CASTILLA. (CL 10 80A 54),302079,0,COMERCIALIZABLE CON RESTRICCION,TRES,32857503970000,LOTE COMERCIAL,"ESTE INMUEBLE PRESENTA ZONA DE RESERVA VIAL, QUE NO RESTRINGE SU POSIBILIDAD DE CONSTRUCCIÓN.

 EL LOTE DE TERRENO QUE SE COMERCIALIZA SE ENCUENTRA UBICADO DENTRO DEL PREDIO QUE SE MUESTRA EN EL REGISTRO FOTOGRAFICO"
2575,SOGAMOSO,BOYACÁ,CENTRO,CRA. 10 #11- 78/80 Ó CL 12 # 9 - 77/85 Ó CALLE 12 # 9 - 65/73 - SOGAMOSO,165508,726900,COMERCIALIZABLE CON RESTRICCION,COMERCIAL,147133144000000,CLINICA,ESTE INMUEBLE SE COMERCIALIZARÁ A TRAVÉS DE SUBASTA PÚBLICA
2669,LA CALERA,CUNDINAMARCA,LA CALERA,LOTE 3 PARCELACIÓN LOS CERROS HACIENDA SAN RAFAEL,3000000,0,COMERCIALIZABLE CON RESTRICCION,RURAL,5520000000000,LOTE VIVIENDA,
4408,BOGOTA,CUNDINAMARCA,SUBA,DG 140 # 67 - 30 IN 6 (ZONA DE AFECTACIÓN PLAN VIAL),1774266,0,COMERCIALIZABLE CON RESTRICCION,COMERCIAL,138038206000000,LOTE VIVIENDA,
5017,RICAURTE,CUNDINAMARCA,CONDOMINIO CAMPESTRE MONACO,LT 1 TAMBACU HO GIRARDOT RESORT,2500263,514200,COMERCIALIZABLE FIDUCIA,COMERCIAL,104073361725000,HOTEL,
5287,BOGOTA,CUNDINAMARCA,,"LT # 899/900/901/902/903/904/905/906 CEMENTERIO LA INMACULADA, JARDÍN LOURDES",2240,0,COMERCIALIZABLE,COMERCIAL,514304000000,LOTE COMERCIAL,LOS COSTOS POR CONCEPTO DE TRASPASO DE PROPIEDAD EN EL PARQUE CEMENTERIO Y ADMINISTRACION A PERPETUIDAD DEBERAN SER ASUMIDOS POR EL COMPRADOR.
5616,CHIA,CUNDINAMARCA,VEREDA FONQUETA,FINCA SAN ANTONIO DE LOS VIENTOS - VEREDA FONQUETA CHIA,1113000,57000,COMERCIALIZABLE CON RESTRICCION,RURAL,27855540000000,FINCA,
7394,BITUIMA,CUNDINAMARCA,VEREDA DE CAMBULAR,FINCA BUENAVISTA Y BUENOS AIRES,18000000,0,COMERCIALIZABLE CON RESTRICCION,RURAL,4806000000000,FINCA,
7539,TENJO,CUNDINAMARCA,,CHURUGUACO LA GUACA,0,0,COMERCIALIZABLE CON RESTRICCION,RURAL,6369860000000,FINCA,
7541,MADRID,CUNDINAMARCA,,CARRERA 2 NO. 15-197 LOTE 40 MANZANA C,0,0,COMERCIALIZABLE CON RESTRICCION,COMERCIAL,116565311500000,BODEGA,"EXCELENTE OPORTUNIDAD DE NEGOCIO¡, BODEGA UBICADA  EN LA CARRERA 2# 15-197  EN LA CIUDAD DE MADRID, CON BUENAS VIAS DE ACCESO TERRENO DE 13027 MTS2."
10106,BARRANQUILLA,ATLÁNTICO,CENTRO,CALLE 39 NO 43 58 62 LC 1,0,0,COMERCIALIZABLE CON RESTRICCION,DOS,8000330000000,LOCAL,DESEAS INVERTIR ESTA ES LA OPORTUNIDAD LOCAL EN EL CENTRO DE LA CIUDAD CON UN ÁREA DE 247 METROS
11335,CALI,VALLE DEL CAUCA,CIUDADELA CHIPICHAPE,LT  B  PARTE DEL PREDIO CHIPICHAPE,43039968,0,COMERCIALIZABLE CON RESTRICCION FIDUCIA,RURAL,16677840600000,LOTE VIVIENDA,"CISA VENDE SOLO LOS DERECHOS FIDUCIARIOS DEL 0.388%.
FIDEICOMISO ADMINISTRADO POR ACCION FIDUCIARIA S.A."
11409,BUGA,VALLE DEL CAUCA,VEREDA CHAMBIMBAL,LT A1-A24 B1-B79 C1-C51 D1-D9 STA ROSA LT1-46 LT  1-7 1-10 1-11 KR 8 -37,321719700,2272400,COMERCIALIZABLE FIDUCIA,RURAL,452337898200000,LOTE MIXTO,
11786,VILLA RICA,CAUCA,PARQUE INDUSTRIAL CAUCADESA,BG 20  ET I PARQUE INDUSTRIAL CAUCADESA KM 43 CALI-SANTANDER DE QUILICHAO.,3035300,1198100,COMERCIALIZABLE CON RESTRICCION,INDUSTRIAL,70903412109800,BODEGA,BODEGA EN PROINDIVISO. CON BUENAS ESPECIFICACIONES TECNICAS Y ARQUITECTONICAS PROPICIA PARA EL DESARROLLO INDUSTRIAL Y EMPRESARIAL
11787,SANTANDER DE QUILICHAO,CAUCA,PARQUE IND CAUCADESA,LT 8 ET I  PARQUE INDUSTRIAL  CAUCADESA,4612600,0,COMERCIALIZABLE CON RESTRICCION,RURAL,14162132860000,LOTE INDUSTRIAL,"LOTE TERRENO NETO , EN PROINDIVISO, SEMI-URBANIZADO, DE CONFIGURACION IRREGULAR UBICADO EN ZONA INDUSTRIAL PROPICIO PARA EL DESARROLLO DE BODEGAS."
12112,CALIMA EL DARIEN,VALLE DEL CAUCA,VEREDA PALERMO,RESERVA FORESTAL LT 1A,218786300,0,COMERCIALIZABLE FIDUCIA,RURAL,24066502680000,LOTE MIXTO,"CISA VENDE DERECHOS FIDUCIARIOS DEL 9.48%

FIDEICOMISO ADMINISTRADO POR ACCION FIDUCIARIA S.A."
12113,CALIMA EL DARIEN,VALLE DEL CAUCA,VEREDA PALERMO,LT 4,7114300,74533,COMERCIALIZABLE FIDUCIA,RURAL,27000920840000,LOTE VIVIENDA,"CISA VENDE DERECHOS FIDUCIARIOS DEL 9.48%

FIDEICOMISO ADMINISTRADO POR ACCION FIDUCIARIA S.A."
12114,CALIMA EL DARIEN,VALLE DEL CAUCA,VEREDA PALERMO,LT 1B,17598200,0,COMERCIALIZABLE FIDUCIA,RURAL,27045246000000,LOTE VIVIENDA,"CISA VENDE DERECHOS FIDUCIARIOS DEL 9.48%

FIDEICOMISO ADMINISTRADO POR ACCION FIDUCIARIA S.A."
12115,CALIMA EL DARIEN,VALLE DEL CAUCA,VEREDA PALERMO,LT 1C,6400000,70000,COMERCIALIZABLE FIDUCIA,RURAL,10428866940000,LOTE VIVIENDA,"LOTE DE TERRENO QUE HACE PARTE DEL PROYECTO CALIMA RESORT, SECTOR QUE SE CARACTERIZA POR SER UNO DE LOS SITIOS MÁS IMPORTANTES DE INTERÉS AMBIENTAL, PAISAJÍSTICO Y RECREACIONAL DEL VALLE DEL CAUCA."
12116,CALIMA EL DARIEN,VALLE DEL CAUCA,VEREDA PALERMO,LT 3B1,13162700,0,COMERCIALIZABLE FIDUCIA,RURAL,22376590000000,LOTE VIVIENDA,"CISA VENDE DERECHOS FIDUCIARIOS DEL 9.48%

FIDEICOMISO ADMINISTRADO POR ACCION FIDUCIARIA S.A."
12117,CALIMA EL DARIEN,VALLE DEL CAUCA,VEREDA PALERMO,LT 3B2,13400000,76306,COMERCIALIZABLE FIDUCIA,RURAL,30274048970000,LOTE VIVIENDA,"CISA VENDE DERECHOS FIDUCIARIOS DEL 9.48%

FIDEICOMISO ADMINISTRADO POR ACCION FIDUCIARIA S.A."
12118,CALIMA EL DARIEN,VALLE DEL CAUCA,VEREDA PALERMO,LT 3B3,307300,0,COMERCIALIZABLE FIDUCIA,RURAL,491680000000,LOTE VIVIENDA,"LOTE DE TERRENO QUE HACE PARTE DEL PROYECTO CALIMA RESORT, SECTOR QUE SE CARACTERIZA POR SER UNO DE LOS SITIOS MÁS IMPORTANTES DE INTERÉS AMBIENTAL, PAISAJÍSTICO Y RECREACIONAL DEL VALLE DEL CAUCA."
12119,CALIMA EL DARIEN,VALLE DEL CAUCA,VEREDA PALERMO,LT 3B4,3786133,176500,COMERCIALIZABLE FIDUCIA,RURAL,8109750100000,LOTE VIVIENDA,"LOTE DE TERRENO QUE HACE PARTE DEL PROYECTO CALIMA RESORT, SECTOR QUE SE CARACTERIZA POR SER UNO DE LOS SITIOS MÁS IMPORTANTES DE INTERÉS AMBIENTAL, PAISAJÍSTICO Y RECREACIONAL DEL VALLE DEL CAUCA."
12120,CALIMA EL DARIEN,VALLE DEL CAUCA,VEREDA PALERMO,LT 2,33799500,0,COMERCIALIZABLE FIDUCIA,RURAL,51713235000000,LOTE VIVIENDA,"EXCELENTE LOTE CON VISTA AL LAGO CALIMA, UBICADO EN EL EXCLUSIVO POYECTO DE CALIMA RESORT, CERCA A SITIOS DE INTERES COMO EL HOTEL COMFANDI."
12121,CALIMA EL DARIEN,VALLE DEL CAUCA,VEREDA PALERMO,LT 3A,10962744,0,COMERCIALIZABLE FIDUCIA,RURAL,17540390400000,LOTE VIVIENDA,"CISA VENDE DERECHOS FIDUCIARIOS DEL 9.48%

FIDEICOMISO ADMINISTRADO POR ACCION FIDUCIARIA S.A."
12696,DAGUA,VALLE DEL CAUCA,CORREGIMIENTO EL CARMEN,LT 84 ET III PARC. CAMPESTRE EL CARMELO.,414800,0,COMERCIALIZABLE CON RESTRICCION,RURAL,1752778880000,LOTE VIVIENDA,"LOTE EN PROINDIVISO, CON TOPOGRAFIA SEMIPLANA, SOMETIDO A REGIMEN DE PROPIEDAD HORIZONTAL. EL PREDIO SE ENCUENTRA UBICADO EN UN SECTOR CON MUY BUENAS CARACTERISTICAS PAISAJISTICAS Y AMBIENTALES PROPICIAS PARA LA VIVIENDA CAMPESTRE."
12706,CALI,VALLE DEL CAUCA,PRADOS DEL NORTE,CL 30N #  2B-38 LOCAL 367 CENTRO COMERCIAL SANTIAGO,0,0,COMERCIALIZABLE CON RESTRICCION,CUATRO,206080036800,LOCAL,"¡OPORTUNIDAD PARA INVERTIR! LOCAL EN PROINDIVISO, UBICADO EN EL NORTE DE CALI CON CERCANIA A PUNTOS INTERES COMO LA TERMINAL DE TRANSPORTES, COLEGIO HISPANOAMERICANO, EL VIVERO MUNICIPAL, EL MONUMENTO A LA SOLIDARIDAD, CLUB COLOMBIA Y PARQUE VERSALLE"
12707,CALI,VALLE DEL CAUCA,PRADOS DEL NORTE,CL 30N #  2B-38 LOCAL 370 CENTRO COMERCIAL SANTIAGO,0,0,COMERCIALIZABLE CON RESTRICCION,CUATRO,206080036800,LOCAL,"¡OPORTUNIDAD PARA INVERTIR! LOCAL EN PROINDIVISO, UBICADO EN EL NORTE DE CALI CON CERCANIA A PUNTOS INTERES COMO LA TERMINAL DE TRANSPORTES, COLEGIO HISPANOAMERICANO, EL VIVERO MUNICIPAL, EL MONUMENTO A LA SOLIDARIDAD, CLUB COLOMBIA Y PARQUE VERSALLE"
12708,CALI,VALLE DEL CAUCA,PRADOS DEL NORTE,CL 30N #  2B-38 LOCAL 564 CENTRO COMERCIAL SANTIAGO,0,0,COMERCIALIZABLE CON RESTRICCION,CUATRO,207013370300,LOCAL,"¡OPORTUNIDAD PARA INVERTIR! LOCAL EN PROINDIVISO, UBICADO EN EL NORTE DE CALI CON CERCANIA A PUNTOS INTERES COMO LA TERMINAL DE TRANSPORTES, COLEGIO HISPANOAMERICANO, EL VIVERO MUNICIPAL, EL MONUMENTO A LA SOLIDARIDAD, CLUB COLOMBIA Y PARQUE VERSALLE"
12709,CALI,VALLE DEL CAUCA,PRADOS DEL NORTE,CL 30N #  2B-38 LOCAL 562  CENTRO COMERCIAL SANTIAGO,0,0,COMERCIALIZABLE CON RESTRICCION,CUATRO,296053386200,LOCAL,"¡OPORTUNIDAD PARA INVERTIR! LOCAL EN PROINDIVISO, UBICADO EN EL NORTE DE CALI CON CERCANIA A PUNTOS INTERES COMO LA TERMINAL DE TRANSPORTES, COLEGIO HISPANOAMERICANO, EL VIVERO MUNICIPAL, EL MONUMENTO A LA SOLIDARIDAD, CLUB COLOMBIA Y PARQUE VERSALLE"
12719,BUGA,VALLE DEL CAUCA,JOSE MARIA CABAL,CARRERA 16 NO. 8-50 CALLE 8 Y 9,0,0,COMERCIALIZABLE CON RESTRICCION,CUATRO,1482000000000,LOTE MIXTO,"SE TRATA DE UN LOTE UBICADO EN EL BARRIO JOSÉ MARÍA CABAL, EN LA PARTE CENTRAL DEL MUNICIPIO DE BUGA, EN UN SECTOR QUE PRESENTA CARÁCTER MÚLTIPLE, YA QUE ALLÍ TIENE ASIENTO LAS PRINCIPALES ACTIVIDADES DE ORDEN INSTITUCIONAL, COMERCIAL Y DE SERVICIOS."
12733,YUMBO,VALLE DEL CAUCA,GUACANDÁ,CL 16 # 6N-181 BARRIO GUACANDA (ANTIGUA DIRECCIÓN CL 16 # 6N-101) BARRIO GUACANDA,0,0,COMERCIALIZABLE CON RESTRICCION,TRES,6882840000000,LOTE INDUSTRIAL,
12735,BUGA,VALLE DEL CAUCA,JOSE MARIA CABAL,KR 15 # 8 – 49/53/55/57,0,0,COMERCIALIZABLE CON RESTRICCION,CUATRO,13525965504000,EDIFICIO VIVIENDA,EDIFICACIÓN COMERCIAL DE SERVICIOS EN PROINDIVISO. DE CUATRO PISOS DE ALTURA Y LOCALIZACIÓN INTERMEDIA EN LA CUADRA; NO SOMETIDA A RÉGIMEN DE PROPIEDAD HORIZONTAL. ACTUALMENTE OCUPADO.
13270,MANIZALES,CALDAS,EL CENTRO,KR 22 # 29-31 LC S-8 CENTRO COMERCIAL PARQUE CALDAS,0,9147,COMERCIALIZABLE CON RESTRICCION,COMERCIAL,9094862100000,LOCAL,"LOCAL UBICADO EN EL CENTRO COMERCIAL PARQUE CALDAS- MANIZALES , PORCENTAJE DE PROPIEDAD DEL 28.4016%, CON ÁREA PRIVADA DE 91.47MT2."
15859,CUCUTA,NORTE DE SANTANDER,,CL 17 2E 108,0,0,COMERCIALIZABLE CON RESTRICCION,CINCO,8980970000000,CASA,
16852,LA DORADA,CALDAS,,CR 12 N° 10-29/53 BARRIO LA SOLEDAD,0,0,COMERCIALIZABLE CON RESTRICCION,TRES,19356060000000,LOTE CON CONSTRUCCION,"LOTE UBICADO EN LA DORADA CALDAS CON AREA DE 3.318 M2, PORCENTAJE DE PROPIEDAD 8.6229%, DESTINACION COMERCIAL BUEN ESTADO CUENTA CON  BUEN ESTADO E ILUMINACION."
16856,PIEDRAS,TOLIMA,,SANTA CRUZ DE DOIMA,0,0,COMERCIALIZABLE CON RESTRICCION,COMERCIAL,68451105930000,LOTE AGRICOLA,
16857,ARMERO,TOLIMA,,MANZANA 2 LOTE No. 6,0,0,COMERCIALIZABLE CON RESTRICCION,RURAL,3533589780000,LOTE INDUSTRIAL,
16876,LOS PATIOS,NORTE DE SANTANDER,BELLAVISTA,MZ D URBANIZACIÓN BELLAVISTA,0,0,EN PUJA,CINCO,1785606600000,LOTE VIVIENDA,
16909,MARSELLA,RISARALDA,,Local No 15 Sector Terminal de Transportes,0,0,COMERCIALIZABLE CON RESTRICCION,DOS,240000000000,LOCAL,"GRAN OPORTUNIDAD DE INVERSIÓN LOCAL NO 15 SECTOR TERMINAL DE TRANSPORTES DONDE SE ARTICULAN ACTIVIDADES COMERCIALES, CENTROS COMERCIALES, TIENDAS, EXCELENTES PERSPECTIVAS DE VALORIZACIÓN, MUY BUENAS VÍAS DE ACCESO."
16910,LA VIRGINIA,RISARALDA,,CALLE 6 N° 10 43 BARRIO SAN CAYETANO,0,0,COMERCIALIZABLE CON RESTRICCION,TRES,6329540900000,BODEGA,
16971,CALI,VALLE DEL CAUCA,EL HOYO,KR 1 # 18-16,0,0,COMERCIALIZABLE CON RESTRICCION,TRES,4594621970000,LOCAL,"LOCAL COMERCIAL EN PROINDIVISO. DE DOBLE ALTURA CON MEZANINE, CUYO USO PRINCIPAL ES COMERCIAL Y/O DE SERVICIOS. 
SE ENCUENTRA UBICADO SOBRE EL CORREDOR VIAL DE LA CARRERA 1RA DE CALI, CERCA A LA POLICIA METROPOLITANA."
17120,PUERTO LOPEZ,META,,CLL. 9 N° 5-76 Y KR. 5A N° 9-44,0,0,COMERCIALIZABLE,TRES,41901550210000,LOTE CON CONSTRUCCION,"LOTE DE TERRENO URBANO QUE CUENTA CON CONSTRUCCIONES TIPO BODEGA DE ALMACENAMIENTO, OFICINAS Y CASA. EL INMUEBLE SE ENCUENTRA UBICADO EN LA ESQUINA NOROCCIDENTAL DE LA INTERSECCION DE LA CRA 5 Y LA CALLE 9, ENFRENTE DEL HOSPITAL"
17180,BOGOTA,CUNDINAMARCA,,AV CR 7 NO. 166 - 51 LT B,0,0,COMERCIALIZABLE CON RESTRICCION,TRES,295808119000000,LOTE COMERCIAL,ESTE INMUEBLE SE COMERCIALIZARÁ A TRAVES DE SUBASTA ESPECIAL
17216,TIBU,NORTE DE SANTANDER,,LT - LA MARIA-HIZO HACIENDA CAMPO DE  YUCA,0,0,COMERCIALIZABLE CON RESTRICCION,RURAL,5805937010000,LOTE AGRICOLA,
17326,MANIZALES,CALDAS,SINAI,KR 7 L  NO 55-02  MZ 3 LT 36B URBANIZACION EL SINAI,0,0,COMERCIALIZABLE CON RESTRICCION,DOS,396000000000,LOTE VIVIENDA,"GRAN OPORTUNIDAD DE INVERSIÓN LOTE CON ÁREA DE 72 M2 UBICADO EN MANIZALES URBANIZACIÓN KR 7 L NO 55-02  MZ 3 LT 36B URBANIZACION EL SINAI SECTOR DONDE SE ENCUENTRA UBICADO EL LOTE, PREDOMINA EL USO RESIDENCIAL DE TIPO UNIFAMILIAR. TOPOGRAFÍA PLANA."
17335,MANIZALES,CALDAS,SINAI,KR 7M NO 53 - 28 LT 710 URBANIZACION EL SINAI,0,0,COMERCIALIZABLE CON RESTRICCION,DOS,335520000000,LOTE VIVIENDA,"GRAN OPORTUNIDAD DE INVERSIÓN LOTE CON ÁREA DE 72 M2 UBICADO EN MANIZALES KR 7M NO 53 - 28 LT 710 URBANIZACIÓN EL SINAI SECTOR DONDE SE ENCUENTRA UBICADO EL LOTE, PREDOMINA EL USO RESIDENCIAL DE TIPO UNIFAMILIAR TOPOGRAFÍA PLANA."
17336,PEREIRA,RISARALDA,AV 30 DE AGOSTO,CL 69  Ó ACCESO A CUBA  AV 30 DE AGOSTO  LOTE 13,0,0,COMERCIALIZABLE,DOS,70012400000,LOTE VIVIENDA,
17337,PEREIRA,RISARALDA,AV 30 DE AGOSTO,CL 69  O ACCESO A CUBA  AV 30 DE AGOSTO  LOTE 13 A,0,0,COMERCIALIZABLE CON RESTRICCION,DOS,65990400000,LOTE VIVIENDA,
17341,PEREIRA,RISARALDA,AV 30 DE AGOSTO,CLL 69 O ACEESO A CUBA AV.  30 DE AGOSTO LOTE 11,0,0,COMERCIALIZABLE CON RESTRICCION,DOS,340431150000,LOTE VIVIENDA,
17343,PEREIRA,RISARALDA,AV 30 DE AGOSTO,CLL 69 O ACEESO A CUBA AV.  30 DE AGOSTO LOTE 17,0,0,COMERCIALIZABLE,DOS,273000000000,LOTE VIVIENDA,
17344,PEREIRA,RISARALDA,AV 30 DE AGOSTO,AVENIDA 30 DE AGOSTO CLL 69 O ACCESO A CUBA LOTE J. IDENT. COMO LOTE 20,0,0,COMERCIALIZABLE CON RESTRICCION,DOS,851795700000,LOTE VIVIENDA,
17346,PEREIRA,RISARALDA,AV 30 DE AGOSTO,CLL 69 O ACEESO A CUBA AV.  30 DE AGOSTO LOTE 4,0,0,COMERCIALIZABLE CON RESTRICCION,DOS,1008465800000,LOTE VIVIENDA,
17347,PEREIRA,RISARALDA,AV 30 DE AGOSTO,CLL 69 O ACEESO A CUBA AV.  30 DE AGOSTO LOTE 6,0,0,COMERCIALIZABLE CON RESTRICCION,DOS,1215089400000,LOTE VIVIENDA,
17350,PEREIRA,RISARALDA,AV 30 DE AGOSTO,CLL 69 O ACEESO A CUBA AV.  30 DE AGOSTO LOTE 10,0,0,COMERCIALIZABLE CON RESTRICCION,DOS,1046220000000,LOTE VIVIENDA,
17351,PEREIRA,RISARALDA,AV 30 DE AGOSTO,CLL 69 O ACEESO A CUBA AV.  30 DE AGOSTO LOTE 12,0,0,COMERCIALIZABLE CON RESTRICCION,DOS,534208050000,LOTE VIVIENDA,
17353,PEREIRA,RISARALDA,AV 30 DE AGOSTO,CLL 69 O ACEESO A CUBA AV.  30 DE AGOSTO LOTE 16,0,0,COMERCIALIZABLE CON RESTRICCION,DOS,191208600000,LOTE VIVIENDA,
17365,MANIZALES,CALDAS,SINAI,KR 7   NO 55-39  MZ 5 LT 95  URBANIZACION EL SINAI,0,0,COMERCIALIZABLE CON RESTRICCION,DOS,335520000000,LOTE VIVIENDA,"GRAN OPORTUNIDAD DE INVERSIÓN LOTE CON ÁREA DE 72 M2 UBICADO EN MANIZALES KR 7   NO 55-39  MZ 5 LT 95  URBANIZACIÓN EL SINAI SECTOR DONDE SE ENCUENTRA UBICADO EL LOTE, PREDOMINA EL USO RESIDENCIAL DE TIPO UNIFAMILIAR TOPOGRAFÍA PLANA."
17370,MANIZALES,CALDAS,SINAI,KR 7J NO 53 - 64 MZ 18 LT 325  URBANIZACION EL SINAI,0,0,COMERCIALIZABLE CON RESTRICCION,DOS,396000000000,LOTE VIVIENDA,
17371,MANIZALES,CALDAS,SINAI,KR 7M NO 53 - 03 MZ 20 LT 388  URBANIZACION EL SINAI,0,0,COMERCIALIZABLE CON RESTRICCION,DOS,396000000000,LOTE VIVIENDA,"GRAN OPORTUNIDAD DE INVERSIÓN LOTE CON ÁREA DE 72 M2 UBICADO EN MANIZALES URBANIZACIÓN KR 7M NO 53 - 03 MZ 20 LT 388  URBANIZACIÓN EL SINAI SECTOR DONDE SE ENCUENTRA UBICADO EL LOTE, PREDOMINA EL USO RESIDENCIAL DE TIPO UNIFAMILIAR."
17372,MANIZALES,CALDAS,SINAI,KR 7K NO 52 - 50 MZ 26 LT 494  URBANIZACION EL SINAI,0,0,COMERCIALIZABLE CON RESTRICCION,DOS,335520000000,LOTE VIVIENDA,"GRAN OPORTUNIDAD DE INVERSIÓN LOTE CON ÁREA DE 72 M2 UBICADO EN MANIZALES URBANIZACIÓN KR 7K NO 52 - 50 MZ 26 LT 494 URBANIZACIÓN EL SINAI SECTOR DONDE SE ENCUENTRA UBICADO EL LOTE, PREDOMINA EL USO RESIDENCIAL DE TIPO UNIFAMILIAR. TOPOGRAFÍA PLANA."
17373,MANIZALES,CALDAS,SINAI,KR 7L NO 52 - 49   URBANIZACION EL SINAI,0,0,COMERCIALIZABLE CON RESTRICCION,DOS,335520000000,LOTE VIVIENDA,"GRAN OPORTUNIDAD DE INVERSIÓN LOTE CON ÁREA DE 72 M2 UBICADO EN MANIZALES URBANIZACIÓN KR 7L NO 52 - 49   URBANIZACION EL SINAI SECTOR DONDE SE ENCUENTRA UBICADO EL LOTE, PREDOMINA EL USO RESIDENCIAL DE TIPO UNIFAMILIAR TOPOGRAFÍA PLANA."
17374,MANIZALES,CALDAS,SINAI,KR 7L NO 52 - 25 MZ 26 LT 503   URBANIZACION EL SINAI,0,0,COMERCIALIZABLE CON RESTRICCION,DOS,335520000000,LOTE VIVIENDA,"GRAN OPORTUNIDAD DE INVERSIÓN LOTE CON ÁREA DE 72 M2 UBICADO EN MANIZALES URBANIZACIÓN KR 7L NO 52 - 25 MZ 26 LT 503   URBANIZACION EL SINAI SECTOR DONDE SE ENCUENTRA UBICADO EL LOTE, PREDOMINA EL USO RESIDENCIAL DE TIPO UNIFAMILIAR TOPOGRAFÍA PLANA."
17375,MANIZALES,CALDAS,SINAI,KR 7L NO 52 - 13 MZ 26 LT 505   URBANIZACION EL SINAI,0,0,COMERCIALIZABLE CON RESTRICCION,DOS,335520000000,LOTE VIVIENDA,"GRAN OPORTUNIDAD DE INVERSIÓN LOTE CON ÁREA DE 72 M2 UBICADO EN MANIZALES URBANIZACIÓN KR 7L NO 52 - 13 MZ 26 LT 505   URBANIZACION EL SINAI SECTOR DONDE SE ENCUENTRA UBICADO EL LOTE, PREDOMINA EL USO RESIDENCIAL DE TIPO UNIFAMILIAR TOPOGRAFÍA PLANA."
17376,MANIZALES,CALDAS,SINAI,KR 7L NO 55 - 42   URBANIZACION EL SINAI,0,0,COMERCIALIZABLE CON RESTRICCION,DOS,335520000000,LOTE VIVIENDA,"GRAN OPORTUNIDAD DE INVERSIÓN LOTE CON ÁREA DE 72 M2 UBICADO EN MANIZALES KR 7L NO 55 - 42   URBANIZACION EL SINAI SECTOR DONDE SE ENCUENTRA UBICADO EL LOTE, PREDOMINA EL USO RESIDENCIAL DE TIPO UNIFAMILIAR TOPOGRAFÍA PLANA."
17394,BOGOTA,CUNDINAMARCA,,KR 10A-22 S 36,0,0,COMERCIALIZABLE CON RESTRICCION,TRES,7134100500000,CASA,
17404,BOGOTA,CUNDINAMARCA,,KR 45B 38 27 SUR MUZU ETAPA 2 COMERCIO N° 1 MZ 17 LOCAL,0,0,COMERCIALIZABLE CON RESTRICCION,TRES,425700000000,LOCAL,
17510,BOGOTA,CUNDINAMARCA,,DG 48J SUR N° 1A  50,0,0,COMERCIALIZABLE CON RESTRICCION,DOS,328393170351500,LOTE,
17648,BOGOTA,CUNDINAMARCA,,CALLE 82 NO 19A 14,0,0,COMERCIALIZABLE CON RESTRICCION,CINCO,47473628000000,CASA,
17653,SOATA,BOYACÁ,,CL 11  No. 4-45/47/49/53,0,0,COMERCIALIZABLE CON RESTRICCION,COMERCIAL,6829888500000,EDIFICIO,
17657,BOLIVAR - CAUCA,CAUCA,CENTRO,KR 3 # 8-06/22,0,0,COMERCIALIZABLE CON RESTRICCION,COMERCIAL,7378920000000,OFICINA,"EDIFICIO DE LOCALIZACION ESQUINERA EN PROINDIVISO. UBICADO EN ZONA COMERCIAL Y RESIDENCIAL, FRENTE A LA PLAZA BELISARIO GOMEZ Y A LA PARROQUIA. CUENTA CON 10 OFICINAS, 5 BAÑOS, BODEGA Y LOCAL COMERCIAL"
17677,BOGOTA,CUNDINAMARCA,,CALLE 64 BIS SUR No. 78 C 15 BL 8 APTO 301,0,0,COMERCIALIZABLE CON RESTRICCION,DOS,1151024000000,APARTAMENTO,
17745,BOGOTA,CUNDINAMARCA,,CALLE 22D NO. 120-19  -FONTIBÓN,0,0,COMERCIALIZABLE CON RESTRICCION,INDUSTRIAL,274462556400000,BODEGA,
17778,BOGOTA,CUNDINAMARCA,,KR 77 H  No. 65 C - 33 SUR,0,0,COMERCIALIZABLE CON RESTRICCION,DOS,27076410000000,LOTE CON CONSTRUCCION,
17797,BOGOTA,CUNDINAMARCA,,CR 70 No. 49-77,0,0,COMERCIALIZABLE CON RESTRICCION,CUATRO,14482416000000,CASA,
17798,PEREIRA,RISARALDA,,CALLES 18 Y 19  CARRERAS 5 Y 6  SALIDA CARRERA 5  No. 18 - 43 / CARRERA 5  CALLES 18 Y 19  No. 18 - 49 / CALLE 19 No. 5 - 33  ED CLINICA RISARALDA,0,0,COMERCIALIZABLE CON RESTRICCION,CINCO,43343535000000,CLINICA,
17800,CARMEN DE BOLIVAR,BOLÍVAR,,CR 63  No. 241 - 91  URB BUENOS AIRES / CR 63  No. 25 A - 61,0,0,COMERCIALIZABLE CON RESTRICCION,UNO,982368000000,LOTE MIXTO,
17805,ARMERO,TOLIMA,,CASA DE LA HACIENDA BRUJAS HOY ESTANCIA LA SUSANA / TERCERA EDAD,0,0,COMERCIALIZABLE CON RESTRICCION,RURAL,5932757000000,CASA,
17861,EL ROSAL,CUNDINAMARCA,,LA MANCHA VEREDA PUERTA DEL CUERO,0,0,COMERCIALIZABLE CON RESTRICCION,RURAL,109839864000000,LOTE CON CONSTRUCCION,
17865,FUNZA,CUNDINAMARCA,,CALLE 15 No. 1-70,0,0,COMERCIALIZABLE CON RESTRICCION,INDUSTRIAL,21008906000000,BODEGA,
17943,PEREIRA,RISARALDA,,LT B1 SECTOR NARANJITO,0,0,COMERCIALIZABLE CON RESTRICCION,TRES,26981532127600,LOTE VIVIENDA,
17992,BOGOTA,CUNDINAMARCA,,CR 70 NO. 49-77,0,0,COMERCIALIZABLE CON RESTRICCION,CUATRO,14482416000000,CASA,
17993,BOGOTA,CUNDINAMARCA,,AV. 13 # 108-28/48 APARTASUITE 503. ED. LANCASTER HOUSE P.H.,0,0,COMERCIALIZABLE CON RESTRICCION,SEIS,4284570000000,APARTAMENTO,"EL EDIFICIO LANCASTER HOUSE PH. DEL QUE HACE PARTE EL APARTA SUITE EN ESTUDIO, ESTÁ UBICADO EN EL COSTADO ORIENTAL DE LA AVENIDA CARRERA 45 (PARALELA ORIENTAL DE LA AUTOPISTA NORTE, ANTES DENOMINADA AVENIDA 13), ENTRE LAS CALLES 106 B Y 107, BARRIO S"
18010,BUGA,VALLE DEL CAUCA,JOSE MARIA CABAL,KR 15 # 8 – 49/53/55/57,0,0,COMERCIALIZABLE CON RESTRICCION,CUATRO,13525965504000,EDIFICIO VIVIENDA,ESTE CODIGO CONFORMA UN SOLO INMUEBLE  CON EL CODIGO ID 12735
18011,BUGA,VALLE DEL CAUCA,JOSE MARIA CABAL,CR. 16 # 8-50 CALLE 8 Y 9,0,0,COMERCIALIZABLE CON RESTRICCION,CUATRO,1482000000000,LOTE MIXTO,"LOTE MEDIANERO EN PROINDIVISO,UBICADO EN EL AREA CENTRAL DE BUGA,CON DESTINACION COMERCIAL Y CERCANO A SITIOS DE INTERES COMO PARQUES RICAURTE, JOSE MARIA CABAL, COLEGIO GIMNASIO ANDINO Y ESCUELA MARIA AUXILIADORA."
18018,SAN ANTONIO DEL TEQUENDAMA,CUNDINAMARCA,,"LOTE DE TERRENO SAN JOSÉ, VEREDA QUEBRADA GRANDE",0,0,COMERCIALIZABLE CON RESTRICCION,RURAL,18333741240000,FINCA,
18034,AGUAZUL,CASANARE,,LOTE LA MORENA VEREDA LA ESMERALDA,0,0,COMERCIALIZABLE,RURAL,28679755510000,LOTE AGRICOLA,"LOS INMUEBLES IDENTIFICADOS CON ID 18034, 18035 Y 18036, SE VENDEN COMO UNA SOLA UNIDAD COMERCIAL, CON UN AREA TOTAL DE 675.000 M2 Y UN PRECIO MINIMO TOTAL DE $3.236'162.685."
18035,AGUAZUL,CASANARE,,LOTE LA PRADERA VEREDA LA ESMERALDA,0,0,COMERCIALIZABLE CON RESTRICCION,RURAL,8834784000000,LOTE AGRICOLA,"LOS INMUEBLES IDENTIFICADOS CON ID 18034, 18035 Y 18036, SE VENDEN COMO UNA SOLA UNIDAD COMERCIAL, CON UN AREA TOTAL DE 675.000 M2 Y UN PRECIO MINIMO TOTAL DE $3.236'162.685."
18036,AGUAZUL,CASANARE,,LOTE EL SALITRE VEREDA EL SALITRE,0,0,COMERCIALIZABLE CON RESTRICCION,RURAL,4298641200000,LOTE AGRICOLA,"LOS INMUEBLES IDENTIFICADOS CON ID 18034, 18035 Y 18036, SE VENDEN COMO UNA SOLA UNIDAD COMERCIAL, CON UN AREA TOTAL DE 675.000 M2 Y UN PRECIO MINIMO TOTAL DE $3.236'162.685"
18038,GIRARDOT,CUNDINAMARCA,,LOCAL 15 CENTRO COMERCIAL EL PEÑON INN PLAZA,0,0,COMERCIALIZABLE CON RESTRICCION,COMERCIAL,842625180000,LOCAL,
18079,VILLAVICENCIO,META,,CENTRAL MINORISTA DE ABASTOS DE VILLAVICENCIO - CEMERCA Local A0205,0,0,COMERCIALIZABLE,COMERCIAL,125725000000,LOCAL,
18080,VILLAVICENCIO,META,,CENTRAL MINORISTA DE ABASTOS DE VILLAVICENCIO - CEMERCA Local A0206,0,0,COMERCIALIZABLE,COMERCIAL,125725000000,LOCAL,
18083,VILLAVICENCIO,META,,CENTRAL MINORISTA DE ABASTOS DE VILLAVICENCIO - CEMERCA Local A0213,0,0,COMERCIALIZABLE,COMERCIAL,125725000000,LOCAL,
18084,VILLAVICENCIO,META,,CENTRAL MINORISTA DE ABASTOS DE VILLAVICENCIO - CEMERCA Local A0214,0,0,COMERCIALIZABLE,COMERCIAL,125725000000,LOCAL,
18089,VILLAVICENCIO,META,,CENTRAL MINORISTA DE ABASTOS DE VILLAVICENCIO - CEMERCA Local A0302,0,0,COMERCIALIZABLE,COMERCIAL,125725000000,LOCAL,
18090,VILLAVICENCIO,META,,CENTRAL MINORISTA DE ABASTOS DE VILLAVICENCIO - CEMERCA Local A0303,0,0,COMERCIALIZABLE,COMERCIAL,125725000000,LOCAL,
18091,VILLAVICENCIO,META,,CENTRAL MINORISTA DE ABASTOS DE VILLAVICENCIO - CEMERCA Local A0304,0,0,COMERCIALIZABLE,COMERCIAL,125725000000,LOCAL,
18092,VILLAVICENCIO,META,,CENTRAL MINORISTA DE ABASTOS DE VILLAVICENCIO - CEMERCA Local A0305,0,0,COMERCIALIZABLE,COMERCIAL,125725000000,LOCAL,
18109,VILLAVICENCIO,META,,CENTRAL MINORISTA DE ABASTOS DE VILLAVICENCIO - CEMERCA Local A0607,0,0,COMERCIALIZABLE,COMERCIAL,265200000000,LOCAL,
18113,VILLAVICENCIO,META,,CENTRAL MINORISTA DE ABASTOS DE VILLAVICENCIO - CEMERCA Local A0806,0,0,COMERCIALIZABLE,COMERCIAL,125725000000,LOCAL,
18114,VILLAVICENCIO,META,,CENTRAL MINORISTA DE ABASTOS DE VILLAVICENCIO - CEMERCA Local A0812,0,0,COMERCIALIZABLE,COMERCIAL,238680000000,LOCAL,
18115,VILLAVICENCIO,META,,CENTRAL MINORISTA DE ABASTOS DE VILLAVICENCIO - CEMERCA Local A0820,0,0,COMERCIALIZABLE,COMERCIAL,125725000000,LOCAL,
18116,VILLAVICENCIO,META,,CENTRAL MINORISTA DE ABASTOS DE VILLAVICENCIO - CEMERCA Local A0901,0,0,COMERCIALIZABLE,COMERCIAL,104380000000,LOCAL,
18117,VILLAVICENCIO,META,,CENTRAL MINORISTA DE ABASTOS DE VILLAVICENCIO - CEMERCA Local A0903,0,0,COMERCIALIZABLE,COMERCIAL,75000000000,LOCAL,
18118,VILLAVICENCIO,META,,CENTRAL MINORISTA DE ABASTOS DE VILLAVICENCIO - CEMERCA Local A0904,0,0,COMERCIALIZABLE,COMERCIAL,75000000000,LOCAL,
18119,VILLAVICENCIO,META,,CENTRAL MINORISTA DE ABASTOS DE VILLAVICENCIO - CEMERCA Local A0909,0,0,COMERCIALIZABLE,COMERCIAL,75000000000,LOCAL,
18120,VILLAVICENCIO,META,,CENTRAL MINORISTA DE ABASTOS DE VILLAVICENCIO - CEMERCA Local A0918,0,0,COMERCIALIZABLE,COMERCIAL,75000000000,LOCAL,
18121,VILLAVICENCIO,META,,CENTRAL MINORISTA DE ABASTOS DE VILLAVICENCIO - CEMERCA Local A0929,0,0,COMERCIALIZABLE,COMERCIAL,75000000000,LOCAL,
18123,VILLAVICENCIO,META,,CENTRAL MINORISTA DE ABASTOS DE VILLAVICENCIO - CEMERCA Local A1011,0,0,COMERCIALIZABLE,COMERCIAL,125725000000,LOCAL,
18124,VILLAVICENCIO,META,,CENTRAL MINORISTA DE ABASTOS DE VILLAVICENCIO - CEMERCA Local A1013,0,0,COMERCIALIZABLE,COMERCIAL,125725000000,LOCAL,
18125,VILLAVICENCIO,META,,CENTRAL MINORISTA DE ABASTOS DE VILLAVICENCIO - CEMERCA Local A1014,0,0,COMERCIALIZABLE,COMERCIAL,125725000000,LOCAL,
18130,VILLAVICENCIO,META,,CENTRAL MINORISTA DE ABASTOS DE VILLAVICENCIO - CEMERCA Local A1111,0,0,COMERCIALIZABLE,COMERCIAL,175500000000,LOCAL,
18131,VILLAVICENCIO,META,,CENTRAL MINORISTA DE ABASTOS DE VILLAVICENCIO - CEMERCA Local A1210,0,0,COMERCIALIZABLE,COMERCIAL,125725000000,LOCAL,
18132,VILLAVICENCIO,META,,CENTRAL MINORISTA DE ABASTOS DE VILLAVICENCIO - CEMERCA Local A1308,0,0,COMERCIALIZABLE,COMERCIAL,125725000000,LOCAL,
18134,VILLAVICENCIO,META,,CENTRAL MINORISTA DE ABASTOS DE VILLAVICENCIO - CEMERCA Local A1803,0,0,COMERCIALIZABLE,COMERCIAL,125725000000,LOCAL,
18137,VILLAVICENCIO,META,,CENTRAL MINORISTA DE ABASTOS DE VILLAVICENCIO - CEMERCA Local A1910,0,0,COMERCIALIZABLE,COMERCIAL,70250000000,LOCAL,
18138,VILLAVICENCIO,META,,CENTRAL MINORISTA DE ABASTOS DE VILLAVICENCIO - CEMERCA Local A1912,0,0,COMERCIALIZABLE,COMERCIAL,125725000000,LOCAL,
18139,VILLAVICENCIO,META,,CENTRAL MINORISTA DE ABASTOS DE VILLAVICENCIO - CEMERCA Local A1913,0,0,COMERCIALIZABLE,COMERCIAL,125725000000,LOCAL,
18140,VILLAVICENCIO,META,,CENTRAL MINORISTA DE ABASTOS DE VILLAVICENCIO - CEMERCA Local A1914,0,0,COMERCIALIZABLE CON RESTRICCION,COMERCIAL,125725000000,LOCAL,
18141,VILLAVICENCIO,META,,CENTRAL MINORISTA DE ABASTOS DE VILLAVICENCIO - CEMERCA Local A1915,0,0,COMERCIALIZABLE,COMERCIAL,125725000000,LOCAL,
18142,VILLAVICENCIO,META,,CENTRAL MINORISTA DE ABASTOS DE VILLAVICENCIO - CEMERCA Local A1917,0,0,COMERCIALIZABLE,COMERCIAL,125725000000,LOCAL,
18143,VILLAVICENCIO,META,,CENTRAL MINORISTA DE ABASTOS DE VILLAVICENCIO - CEMERCA Local A2003,0,0,COMERCIALIZABLE,COMERCIAL,75000000000,LOCAL,
18144,VILLAVICENCIO,META,,CENTRAL MINORISTA DE ABASTOS DE VILLAVICENCIO - CEMERCA Local A2009,0,0,COMERCIALIZABLE,COMERCIAL,75000000000,LOCAL,
18145,VILLAVICENCIO,META,,CENTRAL MINORISTA DE ABASTOS DE VILLAVICENCIO - CEMERCA Local A2030,0,0,COMERCIALIZABLE,COMERCIAL,175000000000,LOCAL,
18146,VILLAVICENCIO,META,,CENTRAL MINORISTA DE ABASTOS DE VILLAVICENCIO - CEMERCA Local A2101,0,0,COMERCIALIZABLE,COMERCIAL,220320000000,LOCAL,
18147,VILLAVICENCIO,META,,CENTRAL MINORISTA DE ABASTOS DE VILLAVICENCIO - CEMERCA Local A2103,0,0,COMERCIALIZABLE,COMERCIAL,125725000000,LOCAL,
18149,VILLAVICENCIO,META,,CENTRAL MINORISTA DE ABASTOS DE VILLAVICENCIO - CEMERCA Local A2112,0,0,COMERCIALIZABLE,COMERCIAL,238680000000,LOCAL,
18150,VILLAVICENCIO,META,,CENTRAL MINORISTA DE ABASTOS DE VILLAVICENCIO - CEMERCA Local A2201,0,0,COMERCIALIZABLE,COMERCIAL,220320000000,LOCAL,
18151,VILLAVICENCIO,META,,CENTRAL MINORISTA DE ABASTOS DE VILLAVICENCIO - CEMERCA Local A2210,0,0,COMERCIALIZABLE,COMERCIAL,125725000000,LOCAL,
18154,VILLAVICENCIO,META,,CENTRAL MINORISTA DE ABASTOS DE VILLAVICENCIO - CEMERCA Local A2222,0,0,COMERCIALIZABLE,COMERCIAL,220320000000,LOCAL,
18157,VILLAVICENCIO,META,,CENTRAL MINORISTA DE ABASTOS DE VILLAVICENCIO - CEMERCA Local A2313,0,0,COMERCIALIZABLE,COMERCIAL,125725000000,LOCAL,
18158,VILLAVICENCIO,META,,CENTRAL MINORISTA DE ABASTOS DE VILLAVICENCIO - CEMERCA Local A2314,0,0,COMERCIALIZABLE,COMERCIAL,125725000000,LOCAL,
18159,VILLAVICENCIO,META,,CENTRAL MINORISTA DE ABASTOS DE VILLAVICENCIO - CEMERCA Local A2316,0,0,COMERCIALIZABLE,COMERCIAL,125725000000,LOCAL,
18160,VILLAVICENCIO,META,,CENTRAL MINORISTA DE ABASTOS DE VILLAVICENCIO - CEMERCA Local A2317,0,0,COMERCIALIZABLE,COMERCIAL,125725000000,LOCAL,
18161,VILLAVICENCIO,META,,CENTRAL MINORISTA DE ABASTOS DE VILLAVICENCIO - CEMERCA Local A2318,0,0,COMERCIALIZABLE,COMERCIAL,125725000000,LOCAL,
18162,VILLAVICENCIO,META,,CENTRAL MINORISTA DE ABASTOS DE VILLAVICENCIO - CEMERCA Local A2319,0,0,COMERCIALIZABLE,COMERCIAL,125725000000,LOCAL,
18164,VILLAVICENCIO,META,,CENTRAL MINORISTA DE ABASTOS DE VILLAVICENCIO - CEMERCA Local A2404,0,0,COMERCIALIZABLE,COMERCIAL,125725000000,LOCAL,
18169,VILLAVICENCIO,META,,CENTRAL MINORISTA DE ABASTOS DE VILLAVICENCIO - CEMERCA Local A2409,0,0,COMERCIALIZABLE,COMERCIAL,125725000000,LOCAL,
18170,VILLAVICENCIO,META,,CENTRAL MINORISTA DE ABASTOS DE VILLAVICENCIO - CEMERCA Local A2410,0,0,COMERCIALIZABLE,COMERCIAL,125725000000,LOCAL,
18174,VILLAVICENCIO,META,,CENTRAL MINORISTA DE ABASTOS DE VILLAVICENCIO - CEMERCA Local A2420,0,0,COMERCIALIZABLE,COMERCIAL,175212500000,LOCAL,
18176,VILLAVICENCIO,META,,CENTRAL MINORISTA DE ABASTOS DE VILLAVICENCIO - CEMERCA Local A2604,0,0,COMERCIALIZABLE,COMERCIAL,274380000000,LOCAL,
18179,VILLAVICENCIO,META,,CENTRAL MINORISTA DE ABASTOS DE VILLAVICENCIO - CEMERCA Local A2706,0,0,COMERCIALIZABLE,COMERCIAL,125725000000,LOCAL,
18180,VILLAVICENCIO,META,,CENTRAL MINORISTA DE ABASTOS DE VILLAVICENCIO - CEMERCA Local A2711,0,0,COMERCIALIZABLE,COMERCIAL,125725000000,LOCAL,
18182,VILLAVICENCIO,META,,CENTRAL MINORISTA DE ABASTOS DE VILLAVICENCIO - CEMERCA Local A2803,0,0,COMERCIALIZABLE,COMERCIAL,125725000000,LOCAL,
18183,VILLAVICENCIO,META,,CENTRAL MINORISTA DE ABASTOS DE VILLAVICENCIO - CEMERCA Local A2804,0,0,COMERCIALIZABLE,COMERCIAL,125725000000,LOCAL,
18184,VILLAVICENCIO,META,,CENTRAL MINORISTA DE ABASTOS DE VILLAVICENCIO - CEMERCA Local A2806,0,0,COMERCIALIZABLE,COMERCIAL,125725000000,LOCAL,
18185,VILLAVICENCIO,META,,CENTRAL MINORISTA DE ABASTOS DE VILLAVICENCIO - CEMERCA Local A2807,0,0,COMERCIALIZABLE,COMERCIAL,125725000000,LOCAL,
18186,VILLAVICENCIO,META,,CENTRAL MINORISTA DE ABASTOS DE VILLAVICENCIO - CEMERCA Local A2809,0,0,COMERCIALIZABLE,COMERCIAL,125725000000,LOCAL,
18187,VILLAVICENCIO,META,,CENTRAL MINORISTA DE ABASTOS DE VILLAVICENCIO - CEMERCA Local A2812,0,0,COMERCIALIZABLE,COMERCIAL,175500000000,LOCAL,
18188,VILLAVICENCIO,META,,CENTRAL MINORISTA DE ABASTOS DE VILLAVICENCIO - CEMERCA Local A2814,0,0,COMERCIALIZABLE,COMERCIAL,125725000000,LOCAL,
18189,VILLAVICENCIO,META,,CENTRAL MINORISTA DE ABASTOS DE VILLAVICENCIO - CEMERCA Local A2815,0,0,COMERCIALIZABLE,COMERCIAL,125725000000,LOCAL,
18190,VILLAVICENCIO,META,,CENTRAL MINORISTA DE ABASTOS DE VILLAVICENCIO - CEMERCA Local A2816,0,0,COMERCIALIZABLE,COMERCIAL,125725000000,LOCAL,
18191,VILLAVICENCIO,META,,CENTRAL MINORISTA DE ABASTOS DE VILLAVICENCIO - CEMERCA Local A2817,0,0,COMERCIALIZABLE,COMERCIAL,125725000000,LOCAL,
18192,VILLAVICENCIO,META,,CENTRAL MINORISTA DE ABASTOS DE VILLAVICENCIO - CEMERCA Local A2818,0,0,COMERCIALIZABLE,COMERCIAL,125725000000,LOCAL,
18193,VILLAVICENCIO,META,,CENTRAL MINORISTA DE ABASTOS DE VILLAVICENCIO - CEMERCA Local A2819,0,0,COMERCIALIZABLE,COMERCIAL,125725000000,LOCAL,
18194,VILLAVICENCIO,META,,CENTRAL MINORISTA DE ABASTOS DE VILLAVICENCIO - CEMERCA Local A2820,0,0,COMERCIALIZABLE,COMERCIAL,125725000000,LOCAL,
18195,VILLAVICENCIO,META,,CENTRAL MINORISTA DE ABASTOS DE VILLAVICENCIO - CEMERCA Local A2821,0,0,COMERCIALIZABLE,COMERCIAL,125725000000,LOCAL,
18197,VILLAVICENCIO,META,,CENTRAL MINORISTA DE ABASTOS DE VILLAVICENCIO - CEMERCA Local A2902,0,0,COMERCIALIZABLE,COMERCIAL,125725000000,LOCAL,
18198,VILLAVICENCIO,META,,CENTRAL MINORISTA DE ABASTOS DE VILLAVICENCIO - CEMERCA Local A2904,0,0,COMERCIALIZABLE,COMERCIAL,125725000000,LOCAL,
18199,VILLAVICENCIO,META,,CENTRAL MINORISTA DE ABASTOS DE VILLAVICENCIO - CEMERCA Local A2905,0,0,COMERCIALIZABLE,COMERCIAL,125725000000,LOCAL,
18200,VILLAVICENCIO,META,,CENTRAL MINORISTA DE ABASTOS DE VILLAVICENCIO - CEMERCA Local A2906,0,0,COMERCIALIZABLE,COMERCIAL,125725000000,LOCAL,
18201,VILLAVICENCIO,META,,CENTRAL MINORISTA DE ABASTOS DE VILLAVICENCIO - CEMERCA Local A2907,0,0,COMERCIALIZABLE,COMERCIAL,125725000000,LOCAL,
18202,VILLAVICENCIO,META,,CENTRAL MINORISTA DE ABASTOS DE VILLAVICENCIO - CEMERCA Local A2908,0,0,COMERCIALIZABLE,COMERCIAL,125725000000,LOCAL,
18204,VILLAVICENCIO,META,,CENTRAL MINORISTA DE ABASTOS DE VILLAVICENCIO - CEMERCA Local A2910,0,0,COMERCIALIZABLE,COMERCIAL,125725000000,LOCAL,
18205,VILLAVICENCIO,META,,CENTRAL MINORISTA DE ABASTOS DE VILLAVICENCIO - CEMERCA Local A2911,0,0,COMERCIALIZABLE,COMERCIAL,175500000000,LOCAL,
18206,VILLAVICENCIO,META,,CENTRAL MINORISTA DE ABASTOS DE VILLAVICENCIO - CEMERCA Local A2912,0,0,COMERCIALIZABLE,COMERCIAL,175500000000,LOCAL,
18207,VILLAVICENCIO,META,,CENTRAL MINORISTA DE ABASTOS DE VILLAVICENCIO - CEMERCA Local A2913,0,0,COMERCIALIZABLE,COMERCIAL,125725000000,LOCAL,
18208,VILLAVICENCIO,META,,CENTRAL MINORISTA DE ABASTOS DE VILLAVICENCIO - CEMERCA Local A2914,0,0,COMERCIALIZABLE,COMERCIAL,125725000000,LOCAL,
18209,VILLAVICENCIO,META,,CENTRAL MINORISTA DE ABASTOS DE VILLAVICENCIO - CEMERCA Local A2915,0,0,COMERCIALIZABLE,COMERCIAL,125725000000,LOCAL,
18210,VILLAVICENCIO,META,,CENTRAL MINORISTA DE ABASTOS DE VILLAVICENCIO - CEMERCA Local A2916,0,0,COMERCIALIZABLE,COMERCIAL,125725000000,LOCAL,
18211,VILLAVICENCIO,META,,CENTRAL MINORISTA DE ABASTOS DE VILLAVICENCIO - CEMERCA Local A2917,0,0,COMERCIALIZABLE,COMERCIAL,125725000000,LOCAL,
18212,VILLAVICENCIO,META,,CENTRAL MINORISTA DE ABASTOS DE VILLAVICENCIO - CEMERCA Local A2918,0,0,COMERCIALIZABLE,COMERCIAL,125725000000,LOCAL,
18213,VILLAVICENCIO,META,,CENTRAL MINORISTA DE ABASTOS DE VILLAVICENCIO - CEMERCA Local A2920,0,0,COMERCIALIZABLE,COMERCIAL,125725000000,LOCAL,
18214,VILLAVICENCIO,META,,CENTRAL MINORISTA DE ABASTOS DE VILLAVICENCIO - CEMERCA Local A2921,0,0,COMERCIALIZABLE,COMERCIAL,125725000000,LOCAL,
18215,VILLAVICENCIO,META,,CENTRAL MINORISTA DE ABASTOS DE VILLAVICENCIO - CEMERCA Local A2922,0,0,COMERCIALIZABLE,COMERCIAL,162000000000,LOCAL,
18219,VILLAVICENCIO,META,,CENTRAL MINORISTA DE ABASTOS DE VILLAVICENCIO - CEMERCA Local A3005,0,0,COMERCIALIZABLE,COMERCIAL,125725000000,LOCAL,
18220,VILLAVICENCIO,META,,CENTRAL MINORISTA DE ABASTOS DE VILLAVICENCIO - CEMERCA Local A3006,0,0,COMERCIALIZABLE,COMERCIAL,125725000000,LOCAL,
18221,VILLAVICENCIO,META,,CENTRAL MINORISTA DE ABASTOS DE VILLAVICENCIO - CEMERCA Local A3012,0,0,COMERCIALIZABLE,COMERCIAL,175500000000,LOCAL,
18222,VILLAVICENCIO,META,,CENTRAL MINORISTA DE ABASTOS DE VILLAVICENCIO - CEMERCA Local A3013,0,0,COMERCIALIZABLE,COMERCIAL,125725000000,LOCAL,
18223,VILLAVICENCIO,META,,CENTRAL MINORISTA DE ABASTOS DE VILLAVICENCIO - CEMERCA Local A3015,0,0,COMERCIALIZABLE,COMERCIAL,125725000000,LOCAL,
18224,VILLAVICENCIO,META,,CENTRAL MINORISTA DE ABASTOS DE VILLAVICENCIO - CEMERCA Local A3016,0,0,COMERCIALIZABLE,COMERCIAL,125725000000,LOCAL,
18243,VILLAVICENCIO,META,,CENTRAL MINORISTA DE ABASTOS DE VILLAVICENCIO - CEMERCA Local A3224,0,0,COMERCIALIZABLE,COMERCIAL,136500000000,LOCAL,
18247,VILLAVICENCIO,META,,CENTRAL MINORISTA DE ABASTOS DE VILLAVICENCIO - CEMERCA Local A3231,0,0,COMERCIALIZABLE,COMERCIAL,129720000000,LOCAL,
18250,VILLAVICENCIO,META,,CENTRAL MINORISTA DE ABASTOS DE VILLAVICENCIO - CEMERCA Local A3304,0,0,COMERCIALIZABLE,CUATRO,125725000000,LOCAL,
18251,VILLAVICENCIO,META,,CENTRAL MINORISTA DE ABASTOS DE VILLAVICENCIO - CEMERCA Local A3305,0,0,COMERCIALIZABLE,COMERCIAL,125725000000,LOCAL,
18252,VILLAVICENCIO,META,,CENTRAL MINORISTA DE ABASTOS DE VILLAVICENCIO - CEMERCA Local A3309,0,0,COMERCIALIZABLE,COMERCIAL,125725000000,LOCAL,
18253,VILLAVICENCIO,META,,CENTRAL MINORISTA DE ABASTOS DE VILLAVICENCIO - CEMERCA Local A3310,0,0,COMERCIALIZABLE,COMERCIAL,125725000000,LOCAL,
18256,VILLAVICENCIO,META,,CENTRAL MINORISTA DE ABASTOS DE VILLAVICENCIO - CEMERCA Local A3403,0,0,COMERCIALIZABLE,COMERCIAL,125725000000,LOCAL,
18257,VILLAVICENCIO,META,,CENTRAL MINORISTA DE ABASTOS DE VILLAVICENCIO - CEMERCA Local A3404,0,0,COMERCIALIZABLE,COMERCIAL,125725000000,LOCAL,
18258,VILLAVICENCIO,META,,CENTRAL MINORISTA DE ABASTOS DE VILLAVICENCIO - CEMERCA Local A3405,0,0,COMERCIALIZABLE,COMERCIAL,125725000000,LOCAL,
18259,VILLAVICENCIO,META,,CENTRAL MINORISTA DE ABASTOS DE VILLAVICENCIO - CEMERCA Local A3406,0,0,COMERCIALIZABLE,COMERCIAL,125725000000,LOCAL,
18260,VILLAVICENCIO,META,,CENTRAL MINORISTA DE ABASTOS DE VILLAVICENCIO - CEMERCA Local A3407,0,0,COMERCIALIZABLE,COMERCIAL,133750000000,LOCAL,
18261,VILLAVICENCIO,META,,CENTRAL MINORISTA DE ABASTOS DE VILLAVICENCIO - CEMERCA Local A3410,0,0,COMERCIALIZABLE,COMERCIAL,125725000000,LOCAL,
18262,VILLAVICENCIO,META,,CENTRAL MINORISTA DE ABASTOS DE VILLAVICENCIO - CEMERCA Local A3411,0,0,COMERCIALIZABLE,COMERCIAL,125725000000,LOCAL,
18263,VILLAVICENCIO,META,,CENTRAL MINORISTA DE ABASTOS DE VILLAVICENCIO - CEMERCA Local A3414,0,0,COMERCIALIZABLE,COMERCIAL,132000000000,LOCAL,
18264,VILLAVICENCIO,META,,CENTRAL MINORISTA DE ABASTOS DE VILLAVICENCIO - CEMERCA Local A3503,0,0,COMERCIALIZABLE,COMERCIAL,125725000000,LOCAL,
18265,VILLAVICENCIO,META,,CENTRAL MINORISTA DE ABASTOS DE VILLAVICENCIO - CEMERCA Local A3504,0,0,COMERCIALIZABLE,COMERCIAL,125725000000,LOCAL,
18266,VILLAVICENCIO,META,,CENTRAL MINORISTA DE ABASTOS DE VILLAVICENCIO - CEMERCA Local A3505,0,0,COMERCIALIZABLE,COMERCIAL,125725000000,LOCAL,
18267,VILLAVICENCIO,META,,CENTRAL MINORISTA DE ABASTOS DE VILLAVICENCIO - CEMERCA Local A3506,0,0,COMERCIALIZABLE,COMERCIAL,125725000000,LOCAL,
18268,VILLAVICENCIO,META,,CENTRAL MINORISTA DE ABASTOS DE VILLAVICENCIO - CEMERCA Local A3507,0,0,COMERCIALIZABLE,COMERCIAL,133750000000,LOCAL,
18269,VILLAVICENCIO,META,,CENTRAL MINORISTA DE ABASTOS DE VILLAVICENCIO - CEMERCA Local A3509,0,0,COMERCIALIZABLE,COMERCIAL,125725000000,LOCAL,
18270,VILLAVICENCIO,META,,CENTRAL MINORISTA DE ABASTOS DE VILLAVICENCIO - CEMERCA Local A3511,0,0,COMERCIALIZABLE,COMERCIAL,125725000000,LOCAL,
18271,VILLAVICENCIO,META,,CENTRAL MINORISTA DE ABASTOS DE VILLAVICENCIO - CEMERCA Local A3512,0,0,COMERCIALIZABLE,COMERCIAL,125725000000,LOCAL,
18272,VILLAVICENCIO,META,,CENTRAL MINORISTA DE ABASTOS DE VILLAVICENCIO - CEMERCA Local A3513,0,0,COMERCIALIZABLE,COMERCIAL,125725000000,LOCAL,
18273,VILLAVICENCIO,META,,CENTRAL MINORISTA DE ABASTOS DE VILLAVICENCIO - CEMERCA Local A3601,0,0,COMERCIALIZABLE,COMERCIAL,186000000000,LOCAL,
18274,VILLAVICENCIO,META,,CENTRAL MINORISTA DE ABASTOS DE VILLAVICENCIO - CEMERCA Local A3602,0,0,COMERCIALIZABLE,COMERCIAL,125725000000,LOCAL,
18275,VILLAVICENCIO,META,,CENTRAL MINORISTA DE ABASTOS DE VILLAVICENCIO - CEMERCA Local A3603,0,0,COMERCIALIZABLE,COMERCIAL,125725000000,LOCAL,
18276,VILLAVICENCIO,META,,CENTRAL MINORISTA DE ABASTOS DE VILLAVICENCIO - CEMERCA Local A3604,0,0,COMERCIALIZABLE,COMERCIAL,125725000000,LOCAL,
18277,VILLAVICENCIO,META,,CENTRAL MINORISTA DE ABASTOS DE VILLAVICENCIO - CEMERCA Local A3607,0,0,COMERCIALIZABLE,COMERCIAL,125725000000,LOCAL,
18278,VILLAVICENCIO,META,,CENTRAL MINORISTA DE ABASTOS DE VILLAVICENCIO - CEMERCA Local A3803,0,0,COMERCIALIZABLE,COMERCIAL,75000000000,LOCAL,
18279,VILLAVICENCIO,META,,CENTRAL MINORISTA DE ABASTOS DE VILLAVICENCIO - CEMERCA Local A3804,0,0,COMERCIALIZABLE,COMERCIAL,75000000000,LOCAL,
18280,VILLAVICENCIO,META,,CENTRAL MINORISTA DE ABASTOS DE VILLAVICENCIO - CEMERCA Local A3805,0,0,COMERCIALIZABLE,COMERCIAL,75000000000,LOCAL,
18281,VILLAVICENCIO,META,,CENTRAL MINORISTA DE ABASTOS DE VILLAVICENCIO - CEMERCA Local A3806,0,0,COMERCIALIZABLE,COMERCIAL,75000000000,LOCAL,
18282,VILLAVICENCIO,META,,CENTRAL MINORISTA DE ABASTOS DE VILLAVICENCIO - CEMERCA Local A3807,0,0,COMERCIALIZABLE,COMERCIAL,75000000000,LOCAL,
18283,VILLAVICENCIO,META,,CENTRAL MINORISTA DE ABASTOS DE VILLAVICENCIO - CEMERCA Local A3808,0,0,COMERCIALIZABLE,COMERCIAL,75000000000,LOCAL,
18284,VILLAVICENCIO,META,,CENTRAL MINORISTA DE ABASTOS DE VILLAVICENCIO - CEMERCA Local A3809,0,0,COMERCIALIZABLE,COMERCIAL,75000000000,LOCAL,
18285,VILLAVICENCIO,META,,CENTRAL MINORISTA DE ABASTOS DE VILLAVICENCIO - CEMERCA Local A3810,0,0,COMERCIALIZABLE,COMERCIAL,75000000000,LOCAL,
18286,VILLAVICENCIO,META,,CENTRAL MINORISTA DE ABASTOS DE VILLAVICENCIO - CEMERCA Local A3817,0,0,COMERCIALIZABLE,COMERCIAL,75000000000,LOCAL,
18287,VILLAVICENCIO,META,,CENTRAL MINORISTA DE ABASTOS DE VILLAVICENCIO - CEMERCA Local A3818,0,0,COMERCIALIZABLE,COMERCIAL,75000000000,LOCAL,
18288,VILLAVICENCIO,META,,CENTRAL MINORISTA DE ABASTOS DE VILLAVICENCIO - CEMERCA Local A3819,0,0,COMERCIALIZABLE,COMERCIAL,75000000000,LOCAL,
18289,VILLAVICENCIO,META,,CENTRAL MINORISTA DE ABASTOS DE VILLAVICENCIO - CEMERCA Local A3820,0,0,COMERCIALIZABLE,COMERCIAL,75000000000,LOCAL,
18290,VILLAVICENCIO,META,,CENTRAL MINORISTA DE ABASTOS DE VILLAVICENCIO - CEMERCA Local A3821,0,0,COMERCIALIZABLE,COMERCIAL,201280000000,LOCAL,
18291,VILLAVICENCIO,META,,CENTRAL MINORISTA DE ABASTOS DE VILLAVICENCIO - CEMERCA Local B0102,0,0,COMERCIALIZABLE,COMERCIAL,75000000000,LOCAL,
18292,VILLAVICENCIO,META,,CENTRAL MINORISTA DE ABASTOS DE VILLAVICENCIO - CEMERCA Local B0104,0,0,COMERCIALIZABLE,COMERCIAL,75000000000,LOCAL,
18293,VILLAVICENCIO,META,,CENTRAL MINORISTA DE ABASTOS DE VILLAVICENCIO - CEMERCA Local B0106,0,0,COMERCIALIZABLE,COMERCIAL,75000000000,LOCAL,
18294,VILLAVICENCIO,META,,CENTRAL MINORISTA DE ABASTOS DE VILLAVICENCIO - CEMERCA Local B0107,0,0,COMERCIALIZABLE,COMERCIAL,75000000000,LOCAL,
18295,VILLAVICENCIO,META,,CENTRAL MINORISTA DE ABASTOS DE VILLAVICENCIO - CEMERCA Local B0108,0,0,COMERCIALIZABLE,COMERCIAL,75000000000,LOCAL,
18296,VILLAVICENCIO,META,,CENTRAL MINORISTA DE ABASTOS DE VILLAVICENCIO - CEMERCA Local B0110,0,0,COMERCIALIZABLE,COMERCIAL,75000000000,LOCAL,
18297,VILLAVICENCIO,META,,CENTRAL MINORISTA DE ABASTOS DE VILLAVICENCIO - CEMERCA Local B0111,0,0,COMERCIALIZABLE,COMERCIAL,75000000000,LOCAL,
18298,VILLAVICENCIO,META,,CENTRAL MINORISTA DE ABASTOS DE VILLAVICENCIO - CEMERCA Local B0112,0,0,COMERCIALIZABLE,COMERCIAL,75000000000,LOCAL,
18299,VILLAVICENCIO,META,,CENTRAL MINORISTA DE ABASTOS DE VILLAVICENCIO - CEMERCA Local B0113,0,0,COMERCIALIZABLE,COMERCIAL,75000000000,LOCAL,
18300,VILLAVICENCIO,META,,CENTRAL MINORISTA DE ABASTOS DE VILLAVICENCIO - CEMERCA Local B0114,0,0,COMERCIALIZABLE,COMERCIAL,75000000000,LOCAL,
18305,VILLAVICENCIO,META,,CENTRAL MINORISTA DE ABASTOS DE VILLAVICENCIO - CEMERCA Local B0125,0,0,COMERCIALIZABLE,COMERCIAL,75000000000,LOCAL,
18306,VILLAVICENCIO,META,,CENTRAL MINORISTA DE ABASTOS DE VILLAVICENCIO - CEMERCA Local B0126,0,0,COMERCIALIZABLE,COMERCIAL,75000000000,LOCAL,
18307,VILLAVICENCIO,META,,CENTRAL MINORISTA DE ABASTOS DE VILLAVICENCIO - CEMERCA Local B0127,0,0,COMERCIALIZABLE,COMERCIAL,75000000000,LOCAL,
18308,VILLAVICENCIO,META,,CENTRAL MINORISTA DE ABASTOS DE VILLAVICENCIO - CEMERCA Local B0129,0,0,COMERCIALIZABLE,COMERCIAL,75000000000,LOCAL,
18309,VILLAVICENCIO,META,,CENTRAL MINORISTA DE ABASTOS DE VILLAVICENCIO - CEMERCA Local B0131,0,0,COMERCIALIZABLE,COMERCIAL,75000000000,LOCAL,
18310,VILLAVICENCIO,META,,CENTRAL MINORISTA DE ABASTOS DE VILLAVICENCIO - CEMERCA Local B0133,0,0,COMERCIALIZABLE,COMERCIAL,75000000000,LOCAL,
18311,VILLAVICENCIO,META,,CENTRAL MINORISTA DE ABASTOS DE VILLAVICENCIO - CEMERCA Local B0202,0,0,COMERCIALIZABLE,COMERCIAL,75000000000,LOCAL,
18312,VILLAVICENCIO,META,,CENTRAL MINORISTA DE ABASTOS DE VILLAVICENCIO - CEMERCA Local B0206,0,0,COMERCIALIZABLE,COMERCIAL,75000000000,LOCAL,
18313,VILLAVICENCIO,META,,CENTRAL MINORISTA DE ABASTOS DE VILLAVICENCIO - CEMERCA Local B0207,0,0,COMERCIALIZABLE,COMERCIAL,75000000000,LOCAL,
18314,VILLAVICENCIO,META,,CENTRAL MINORISTA DE ABASTOS DE VILLAVICENCIO - CEMERCA Local B0209,0,0,COMERCIALIZABLE,COMERCIAL,75000000000,LOCAL,
18315,VILLAVICENCIO,META,,CENTRAL MINORISTA DE ABASTOS DE VILLAVICENCIO - CEMERCA Local B0211,0,0,COMERCIALIZABLE,COMERCIAL,75000000000,LOCAL,
18316,VILLAVICENCIO,META,,CENTRAL MINORISTA DE ABASTOS DE VILLAVICENCIO - CEMERCA Local B0213,0,0,COMERCIALIZABLE,COMERCIAL,75000000000,LOCAL,
18317,VILLAVICENCIO,META,,CENTRAL MINORISTA DE ABASTOS DE VILLAVICENCIO - CEMERCA Local B0219,0,0,COMERCIALIZABLE,COMERCIAL,75000000000,LOCAL,
18318,VILLAVICENCIO,META,,CENTRAL MINORISTA DE ABASTOS DE VILLAVICENCIO - CEMERCA Local B0228,0,0,COMERCIALIZABLE,COMERCIAL,75000000000,LOCAL,
18319,VILLAVICENCIO,META,,CENTRAL MINORISTA DE ABASTOS DE VILLAVICENCIO - CEMERCA Local B0301,0,0,COMERCIALIZABLE,COMERCIAL,100000000000,LOCAL,
18320,VILLAVICENCIO,META,,CENTRAL MINORISTA DE ABASTOS DE VILLAVICENCIO - CEMERCA Local B0303,0,0,COMERCIALIZABLE,COMERCIAL,75000000000,LOCAL,
18321,VILLAVICENCIO,META,,CENTRAL MINORISTA DE ABASTOS DE VILLAVICENCIO - CEMERCA Local B0306,0,0,COMERCIALIZABLE,COMERCIAL,75000000000,LOCAL,
18322,VILLAVICENCIO,META,,CENTRAL MINORISTA DE ABASTOS DE VILLAVICENCIO - CEMERCA Local B0309,0,0,COMERCIALIZABLE,COMERCIAL,75000000000,LOCAL,
18323,VILLAVICENCIO,META,,CENTRAL MINORISTA DE ABASTOS DE VILLAVICENCIO - CEMERCA Local B0310,0,0,COMERCIALIZABLE,COMERCIAL,75000000000,LOCAL,
18324,VILLAVICENCIO,META,,CENTRAL MINORISTA DE ABASTOS DE VILLAVICENCIO - CEMERCA Local B0312,0,0,COMERCIALIZABLE,COMERCIAL,75000000000,LOCAL,
18325,VILLAVICENCIO,META,,CENTRAL MINORISTA DE ABASTOS DE VILLAVICENCIO - CEMERCA Local B0314,0,0,COMERCIALIZABLE,COMERCIAL,75000000000,LOCAL,
18326,VILLAVICENCIO,META,,CENTRAL MINORISTA DE ABASTOS DE VILLAVICENCIO - CEMERCA Local B0315,0,0,COMERCIALIZABLE,COMERCIAL,75000000000,LOCAL,
18327,VILLAVICENCIO,META,,CENTRAL MINORISTA DE ABASTOS DE VILLAVICENCIO - CEMERCA Local B0321,0,0,COMERCIALIZABLE,COMERCIAL,75000000000,LOCAL,
18328,VILLAVICENCIO,META,,CENTRAL MINORISTA DE ABASTOS DE VILLAVICENCIO - CEMERCA Local B0322,0,0,COMERCIALIZABLE,COMERCIAL,75000000000,LOCAL,
18329,VILLAVICENCIO,META,,CENTRAL MINORISTA DE ABASTOS DE VILLAVICENCIO - CEMERCA Local B0323,0,0,COMERCIALIZABLE,COMERCIAL,75000000000,LOCAL,
18330,VILLAVICENCIO,META,,CENTRAL MINORISTA DE ABASTOS DE VILLAVICENCIO - CEMERCA Local B0324,0,0,COMERCIALIZABLE,COMERCIAL,75000000000,LOCAL,
18331,VILLAVICENCIO,META,,CENTRAL MINORISTA DE ABASTOS DE VILLAVICENCIO - CEMERCA Local B0327,0,0,COMERCIALIZABLE,COMERCIAL,75000000000,LOCAL,
18332,VILLAVICENCIO,META,,CENTRAL MINORISTA DE ABASTOS DE VILLAVICENCIO - CEMERCA Local B0329,0,0,COMERCIALIZABLE,COMERCIAL,75000000000,LOCAL,
18333,VILLAVICENCIO,META,,CENTRAL MINORISTA DE ABASTOS DE VILLAVICENCIO - CEMERCA Local B0330,0,0,COMERCIALIZABLE,COMERCIAL,75000000000,LOCAL,
18334,VILLAVICENCIO,META,,CENTRAL MINORISTA DE ABASTOS DE VILLAVICENCIO - CEMERCA Local B0331,0,0,COMERCIALIZABLE,COMERCIAL,75000000000,LOCAL,
18335,VILLAVICENCIO,META,,CENTRAL MINORISTA DE ABASTOS DE VILLAVICENCIO - CEMERCA Local B0333,0,0,COMERCIALIZABLE,COMERCIAL,75000000000,LOCAL,
18336,VILLAVICENCIO,META,,CENTRAL MINORISTA DE ABASTOS DE VILLAVICENCIO - CEMERCA Local B0334,0,0,COMERCIALIZABLE,COMERCIAL,100000000000,LOCAL,
18340,VILLAVICENCIO,META,,CENTRAL MINORISTA DE ABASTOS DE VILLAVICENCIO - CEMERCA Local E0111,0,0,COMERCIALIZABLE,COMERCIAL,119537500000,LOCAL,
18341,VILLAVICENCIO,META,,CENTRAL MINORISTA DE ABASTOS DE VILLAVICENCIO - CEMERCA Local E0203,0,0,COMERCIALIZABLE,COMERCIAL,119537500000,LOCAL,
18342,VILLAVICENCIO,META,,CENTRAL MINORISTA DE ABASTOS DE VILLAVICENCIO - CEMERCA Local E0204,0,0,COMERCIALIZABLE,COMERCIAL,119537500000,LOCAL,
18347,VILLAVICENCIO,META,,CENTRAL MINORISTA DE ABASTOS DE VILLAVICENCIO - CEMERCA Local E0503,0,0,COMERCIALIZABLE,COMERCIAL,127070000000,LOCAL,
18352,VILLAVICENCIO,META,,CENTRAL MINORISTA DE ABASTOS DE VILLAVICENCIO - CEMERCA Local E0614,0,0,COMERCIALIZABLE,COMERCIAL,119537500000,LOCAL,
18353,VILLAVICENCIO,META,,CENTRAL MINORISTA DE ABASTOS DE VILLAVICENCIO - CEMERCA Local E0617,0,0,COMERCIALIZABLE,COMERCIAL,119537500000,LOCAL,
18379,VILLAVICENCIO,META,,CENTRAL MINORISTA DE ABASTOS DE VILLAVICENCIO - CEMERCA Local F0605,0,0,COMERCIALIZABLE,COMERCIAL,136770000000,LOCAL,
18382,VILLAVICENCIO,META,,CENTRAL MINORISTA DE ABASTOS DE VILLAVICENCIO - CEMERCA Local F0613,0,0,COMERCIALIZABLE,COMERCIAL,137475000000,LOCAL,
18383,VILLAVICENCIO,META,,CENTRAL MINORISTA DE ABASTOS DE VILLAVICENCIO - CEMERCA Local F0614,0,0,COMERCIALIZABLE,COMERCIAL,136770000000,LOCAL,
18384,VILLAVICENCIO,META,,CENTRAL MINORISTA DE ABASTOS DE VILLAVICENCIO - CEMERCA Local F0615,0,0,COMERCIALIZABLE,COMERCIAL,136770000000,LOCAL,
18388,VILLAVICENCIO,META,,CENTRAL MINORISTA DE ABASTOS DE VILLAVICENCIO - CEMERCA Local F0704,0,0,COMERCIALIZABLE,COMERCIAL,136770000000,LOCAL,
18389,VILLAVICENCIO,META,,CENTRAL MINORISTA DE ABASTOS DE VILLAVICENCIO - CEMERCA Local F0705,0,0,COMERCIALIZABLE,COMERCIAL,136770000000,LOCAL,
18390,VILLAVICENCIO,META,,CENTRAL MINORISTA DE ABASTOS DE VILLAVICENCIO - CEMERCA Local F0706,0,0,COMERCIALIZABLE,COMERCIAL,137475000000,LOCAL,
18392,VILLAVICENCIO,META,,CENTRAL MINORISTA DE ABASTOS DE VILLAVICENCIO - CEMERCA Local F0714,0,0,COMERCIALIZABLE,COMERCIAL,136770000000,LOCAL,
18393,VILLAVICENCIO,META,,CENTRAL MINORISTA DE ABASTOS DE VILLAVICENCIO - CEMERCA Local F0716,0,0,COMERCIALIZABLE,COMERCIAL,136770000000,LOCAL,
18395,VILLAVICENCIO,META,,CENTRAL MINORISTA DE ABASTOS DE VILLAVICENCIO - CEMERCA Local F0805,0,0,COMERCIALIZABLE,COMERCIAL,136770000000,LOCAL,
18397,VILLAVICENCIO,META,,CENTRAL MINORISTA DE ABASTOS DE VILLAVICENCIO - CEMERCA Local F0807,0,0,COMERCIALIZABLE,COMERCIAL,144055000000,LOCAL,
18413,VILLAVICENCIO,META,,CENTRAL MINORISTA DE ABASTOS DE VILLAVICENCIO - CEMERCA Local G0301,0,0,COMERCIALIZABLE,COMERCIAL,183750000000,LOCAL,
18414,VILLAVICENCIO,META,,CENTRAL MINORISTA DE ABASTOS DE VILLAVICENCIO - CEMERCA Local G0302,0,0,COMERCIALIZABLE,COMERCIAL,165205000000,LOCAL,
18415,VILLAVICENCIO,META,,CENTRAL MINORISTA DE ABASTOS DE VILLAVICENCIO - CEMERCA Local G0315,0,0,COMERCIALIZABLE,COMERCIAL,203250000000,LOCAL,
18416,VILLAVICENCIO,META,,CENTRAL MINORISTA DE ABASTOS DE VILLAVICENCIO - CEMERCA Local G0316,0,0,COMERCIALIZABLE,COMERCIAL,175750000000,LOCAL,
18417,VILLAVICENCIO,META,,CENTRAL MINORISTA DE ABASTOS DE VILLAVICENCIO - CEMERCA Local G0326,0,0,COMERCIALIZABLE,COMERCIAL,165205000000,LOCAL,
18418,VILLAVICENCIO,META,,CENTRAL MINORISTA DE ABASTOS DE VILLAVICENCIO - CEMERCA Local G0327,0,0,COMERCIALIZABLE,COMERCIAL,165205000000,LOCAL,
18419,VILLAVICENCIO,META,,CENTRAL MINORISTA DE ABASTOS DE VILLAVICENCIO - CEMERCA Local G0328,0,0,COMERCIALIZABLE,COMERCIAL,141470000000,LOCAL,
18420,VILLAVICENCIO,META,,CENTRAL MINORISTA DE ABASTOS DE VILLAVICENCIO - CEMERCA Local G0401,0,0,COMERCIALIZABLE,COMERCIAL,132750000000,LOCAL,
18421,VILLAVICENCIO,META,,CENTRAL MINORISTA DE ABASTOS DE VILLAVICENCIO - CEMERCA Local G0402,0,0,COMERCIALIZABLE,COMERCIAL,186250000000,LOCAL,
18422,VILLAVICENCIO,META,,CENTRAL MINORISTA DE ABASTOS DE VILLAVICENCIO - CEMERCA Local G0403,0,0,COMERCIALIZABLE,COMERCIAL,256385000000,LOCAL,
18423,VILLAVICENCIO,META,,CENTRAL MINORISTA DE ABASTOS DE VILLAVICENCIO - CEMERCA Local G0404,0,0,COMERCIALIZABLE,COMERCIAL,177750000000,LOCAL,
18424,VILLAVICENCIO,META,,CENTRAL MINORISTA DE ABASTOS DE VILLAVICENCIO - CEMERCA Local G0405,0,0,COMERCIALIZABLE,COMERCIAL,132750000000,LOCAL,
18425,VILLAVICENCIO,META,,CENTRAL MINORISTA DE ABASTOS DE VILLAVICENCIO - CEMERCA Local G0504,0,0,COMERCIALIZABLE,COMERCIAL,165205000000,LOCAL,
18426,VILLAVICENCIO,META,,CENTRAL MINORISTA DE ABASTOS DE VILLAVICENCIO - CEMERCA Local G0506,0,0,COMERCIALIZABLE,COMERCIAL,165205000000,LOCAL,
18427,VILLAVICENCIO,META,,CENTRAL MINORISTA DE ABASTOS DE VILLAVICENCIO - CEMERCA Local G0507,0,0,COMERCIALIZABLE,COMERCIAL,165205000000,LOCAL,
18428,VILLAVICENCIO,META,,CENTRAL MINORISTA DE ABASTOS DE VILLAVICENCIO - CEMERCA Local G0508,0,0,COMERCIALIZABLE,COMERCIAL,165205000000,LOCAL,
18429,VILLAVICENCIO,META,,CENTRAL MINORISTA DE ABASTOS DE VILLAVICENCIO - CEMERCA Local G0509,0,0,COMERCIALIZABLE,COMERCIAL,165205000000,LOCAL,
18430,VILLAVICENCIO,META,,CENTRAL MINORISTA DE ABASTOS DE VILLAVICENCIO - CEMERCA Local G0510,0,0,COMERCIALIZABLE,COMERCIAL,165205000000,LOCAL,
18431,VILLAVICENCIO,META,,CENTRAL MINORISTA DE ABASTOS DE VILLAVICENCIO - CEMERCA Local G0511,0,0,COMERCIALIZABLE,COMERCIAL,165205000000,LOCAL,
18432,VILLAVICENCIO,META,,CENTRAL MINORISTA DE ABASTOS DE VILLAVICENCIO - CEMERCA Local G0512,0,0,COMERCIALIZABLE,COMERCIAL,237250000000,LOCAL,
18433,VILLAVICENCIO,META,,CENTRAL MINORISTA DE ABASTOS DE VILLAVICENCIO - CEMERCA Local G0513,0,0,COMERCIALIZABLE,COMERCIAL,264250000000,LOCAL,
18434,VILLAVICENCIO,META,,CENTRAL MINORISTA DE ABASTOS DE VILLAVICENCIO - CEMERCA Local G0515,0,0,COMERCIALIZABLE,COMERCIAL,165205000000,LOCAL,
18435,VILLAVICENCIO,META,,CENTRAL MINORISTA DE ABASTOS DE VILLAVICENCIO - CEMERCA Local G0516,0,0,COMERCIALIZABLE,COMERCIAL,165205000000,LOCAL,
18436,VILLAVICENCIO,META,,CENTRAL MINORISTA DE ABASTOS DE VILLAVICENCIO - CEMERCA Local G0517,0,0,COMERCIALIZABLE,COMERCIAL,165205000000,LOCAL,
18437,VILLAVICENCIO,META,,CENTRAL MINORISTA DE ABASTOS DE VILLAVICENCIO - CEMERCA Local G0518,0,0,COMERCIALIZABLE,COMERCIAL,165205000000,LOCAL,
18438,VILLAVICENCIO,META,,CENTRAL MINORISTA DE ABASTOS DE VILLAVICENCIO - CEMERCA Local G0521,0,0,COMERCIALIZABLE,COMERCIAL,165205000000,LOCAL,
18439,VILLAVICENCIO,META,,CENTRAL MINORISTA DE ABASTOS DE VILLAVICENCIO - CEMERCA Local G0601,0,0,COMERCIALIZABLE,COMERCIAL,382750000000,LOCAL,
18440,VILLAVICENCIO,META,,CENTRAL MINORISTA DE ABASTOS DE VILLAVICENCIO - CEMERCA Local G0602,0,0,COMERCIALIZABLE,COMERCIAL,244400000000,LOCAL,
18441,VILLAVICENCIO,META,,CENTRAL MINORISTA DE ABASTOS DE VILLAVICENCIO - CEMERCA Local G0606,0,0,COMERCIALIZABLE,COMERCIAL,244400000000,LOCAL,
18442,VILLAVICENCIO,META,,CENTRAL MINORISTA DE ABASTOS DE VILLAVICENCIO - CEMERCA Local G0607,0,0,COMERCIALIZABLE,COMERCIAL,163000000000,LOCAL,
18443,VILLAVICENCIO,META,,CENTRAL MINORISTA DE ABASTOS DE VILLAVICENCIO - CEMERCA Local G0608,0,0,COMERCIALIZABLE,COMERCIAL,367750000000,LOCAL,
18444,VILLAVICENCIO,META,,CENTRAL MINORISTA DE ABASTOS DE VILLAVICENCIO - CEMERCA Local G0610,0,0,COMERCIALIZABLE,COMERCIAL,244400000000,LOCAL,
18445,VILLAVICENCIO,META,,CENTRAL MINORISTA DE ABASTOS DE VILLAVICENCIO - CEMERCA Local G0611,0,0,COMERCIALIZABLE,COMERCIAL,319750000000,LOCAL,
18446,VILLAVICENCIO,META,,CENTRAL MINORISTA DE ABASTOS DE VILLAVICENCIO - CEMERCA Local G0701,0,0,COMERCIALIZABLE,COMERCIAL,88000000000,LOCAL,
18447,VILLAVICENCIO,META,,CENTRAL MINORISTA DE ABASTOS DE VILLAVICENCIO - CEMERCA Local G0705,0,0,COMERCIALIZABLE,COMERCIAL,69750000000,LOCAL,
18448,VILLAVICENCIO,META,,CENTRAL MINORISTA DE ABASTOS DE VILLAVICENCIO - CEMERCA Local G0706,0,0,COMERCIALIZABLE,COMERCIAL,167500000000,LOCAL,
18449,VILLAVICENCIO,META,,CENTRAL MINORISTA DE ABASTOS DE VILLAVICENCIO - CEMERCA Local G0708,0,0,COMERCIALIZABLE,COMERCIAL,127370000000,LOCAL,
18450,VILLAVICENCIO,META,,CENTRAL MINORISTA DE ABASTOS DE VILLAVICENCIO - CEMERCA Local G0710,0,0,COMERCIALIZABLE,COMERCIAL,185750000000,LOCAL,
18452,VILLAVICENCIO,META,,CENTRAL MINORISTA DE ABASTOS DE VILLAVICENCIO - CEMERCA Local G0802,0,0,COMERCIALIZABLE,COMERCIAL,173665000000,LOCAL,
18454,VILLAVICENCIO,META,,CENTRAL MINORISTA DE ABASTOS DE VILLAVICENCIO - CEMERCA Local G0804,0,0,COMERCIALIZABLE,COMERCIAL,162150000000,LOCAL,
18455,VILLAVICENCIO,META,,CENTRAL MINORISTA DE ABASTOS DE VILLAVICENCIO - CEMERCA Local G0805,0,0,COMERCIALIZABLE,COMERCIAL,162150000000,LOCAL,
18456,VILLAVICENCIO,META,,CENTRAL MINORISTA DE ABASTOS DE VILLAVICENCIO - CEMERCA Local G0806,0,0,COMERCIALIZABLE,COMERCIAL,162150000000,LOCAL,
18458,VILLAVICENCIO,META,,CENTRAL MINORISTA DE ABASTOS DE VILLAVICENCIO - CEMERCA Local G0810,0,0,COMERCIALIZABLE,COMERCIAL,153500000000,LOCAL,
18459,VILLAVICENCIO,META,,CENTRAL MINORISTA DE ABASTOS DE VILLAVICENCIO - CEMERCA Local G0811,0,0,COMERCIALIZABLE,COMERCIAL,162150000000,LOCAL,
18460,VILLAVICENCIO,META,,CENTRAL MINORISTA DE ABASTOS DE VILLAVICENCIO - CEMERCA Local G0812,0,0,COMERCIALIZABLE,COMERCIAL,162150000000,LOCAL,
18461,VILLAVICENCIO,META,,CENTRAL MINORISTA DE ABASTOS DE VILLAVICENCIO - CEMERCA Local G0813,0,0,COMERCIALIZABLE,COMERCIAL,160740000000,LOCAL,
18462,VILLAVICENCIO,META,,CENTRAL MINORISTA DE ABASTOS DE VILLAVICENCIO - CEMERCA Local G0814,0,0,COMERCIALIZABLE,COMERCIAL,162150000000,LOCAL,
18463,VILLAVICENCIO,META,,CENTRAL MINORISTA DE ABASTOS DE VILLAVICENCIO - CEMERCA Local G0815,0,0,COMERCIALIZABLE,COMERCIAL,162150000000,LOCAL,
18464,VILLAVICENCIO,META,,CENTRAL MINORISTA DE ABASTOS DE VILLAVICENCIO - CEMERCA Local G0816,0,0,COMERCIALIZABLE,COMERCIAL,162150000000,LOCAL,
18466,VILLAVICENCIO,META,,CENTRAL MINORISTA DE ABASTOS DE VILLAVICENCIO - CEMERCA Local G0818,0,0,COMERCIALIZABLE,COMERCIAL,173665000000,LOCAL,
18468,VILLAVICENCIO,META,,CENTRAL MINORISTA DE ABASTOS DE VILLAVICENCIO - CEMERCA Local G0901,0,0,COMERCIALIZABLE,COMERCIAL,179250000000,LOCAL,
18469,VILLAVICENCIO,META,,CENTRAL MINORISTA DE ABASTOS DE VILLAVICENCIO - CEMERCA Local G0906,0,0,COMERCIALIZABLE,COMERCIAL,162150000000,LOCAL,
18470,VILLAVICENCIO,META,,CENTRAL MINORISTA DE ABASTOS DE VILLAVICENCIO - CEMERCA Local G0907,0,0,COMERCIALIZABLE,CINCO,162150000000,LOCAL,
18471,VILLAVICENCIO,META,,CENTRAL MINORISTA DE ABASTOS DE VILLAVICENCIO - CEMERCA Local G0908,0,0,COMERCIALIZABLE,COMERCIAL,168965000000,LOCAL,
18475,VILLAVICENCIO,META,,CENTRAL MINORISTA DE ABASTOS DE VILLAVICENCIO - CEMERCA Local G0922,0,0,COMERCIALIZABLE,COMERCIAL,179250000000,LOCAL,
18478,VILLAVICENCIO,META,,CENTRAL MINORISTA DE ABASTOS DE VILLAVICENCIO - CEMERCA Local G1003,0,0,COMERCIALIZABLE,COMERCIAL,188470000000,LOCAL,
18479,VILLAVICENCIO,META,,CENTRAL MINORISTA DE ABASTOS DE VILLAVICENCIO - CEMERCA Local G1004,0,0,COMERCIALIZABLE,COMERCIAL,162150000000,LOCAL,
18480,VILLAVICENCIO,META,,CENTRAL MINORISTA DE ABASTOS DE VILLAVICENCIO - CEMERCA Local G1005,0,0,COMERCIALIZABLE,COMERCIAL,162150000000,LOCAL,
18481,VILLAVICENCIO,META,,CENTRAL MINORISTA DE ABASTOS DE VILLAVICENCIO - CEMERCA Local G1006,0,0,COMERCIALIZABLE,COMERCIAL,162150000000,LOCAL,
18482,VILLAVICENCIO,META,,CENTRAL MINORISTA DE ABASTOS DE VILLAVICENCIO - CEMERCA Local G1007,0,0,COMERCIALIZABLE,COMERCIAL,160505000000,LOCAL,
18483,VILLAVICENCIO,META,,CENTRAL MINORISTA DE ABASTOS DE VILLAVICENCIO - CEMERCA Local G1008,0,0,COMERCIALIZABLE,COMERCIAL,168495000000,LOCAL,
18484,VILLAVICENCIO,META,,CENTRAL MINORISTA DE ABASTOS DE VILLAVICENCIO - CEMERCA Local G1009,0,0,COMERCIALIZABLE,COMERCIAL,146500000000,LOCAL,
18485,VILLAVICENCIO,META,,CENTRAL MINORISTA DE ABASTOS DE VILLAVICENCIO - CEMERCA Local G1010,0,0,COMERCIALIZABLE,COMERCIAL,160000000000,LOCAL,
18486,VILLAVICENCIO,META,,CENTRAL MINORISTA DE ABASTOS DE VILLAVICENCIO - CEMERCA Local G1011,0,0,COMERCIALIZABLE,COMERCIAL,162150000000,LOCAL,
18487,VILLAVICENCIO,META,,CENTRAL MINORISTA DE ABASTOS DE VILLAVICENCIO - CEMERCA Local G1012,0,0,COMERCIALIZABLE,COMERCIAL,162150000000,LOCAL,
18488,VILLAVICENCIO,META,,CENTRAL MINORISTA DE ABASTOS DE VILLAVICENCIO - CEMERCA Local G1013,0,0,COMERCIALIZABLE,COMERCIAL,162150000000,LOCAL,
18489,VILLAVICENCIO,META,,CENTRAL MINORISTA DE ABASTOS DE VILLAVICENCIO - CEMERCA Local G1014,0,0,COMERCIALIZABLE,COMERCIAL,162150000000,LOCAL,
18493,VILLAVICENCIO,META,,CENTRAL MINORISTA DE ABASTOS DE VILLAVICENCIO - CEMERCA Local G1102,0,0,COMERCIALIZABLE,COMERCIAL,131365000000,LOCAL,
18494,VILLAVICENCIO,META,,CENTRAL MINORISTA DE ABASTOS DE VILLAVICENCIO - CEMERCA Local G1103,0,0,COMERCIALIZABLE,COMERCIAL,131365000000,LOCAL,
18495,VILLAVICENCIO,META,,CENTRAL MINORISTA DE ABASTOS DE VILLAVICENCIO - CEMERCA Local G1106,0,0,COMERCIALIZABLE,COMERCIAL,131365000000,LOCAL,
18496,VILLAVICENCIO,META,,CENTRAL MINORISTA DE ABASTOS DE VILLAVICENCIO - CEMERCA Local G1108,0,0,COMERCIALIZABLE,COMERCIAL,85500000000,LOCAL,
18497,VILLAVICENCIO,META,,CENTRAL MINORISTA DE ABASTOS DE VILLAVICENCIO - CEMERCA Local G1201,0,0,COMERCIALIZABLE,COMERCIAL,259250000000,LOCAL,
18498,VILLAVICENCIO,META,,CENTRAL MINORISTA DE ABASTOS DE VILLAVICENCIO - CEMERCA Local G1208,0,0,COMERCIALIZABLE,COMERCIAL,245340000000,LOCAL,
18499,VILLAVICENCIO,META,,CENTRAL MINORISTA DE ABASTOS DE VILLAVICENCIO - CEMERCA Local G1301,0,0,COMERCIALIZABLE,COMERCIAL,295500000000,LOCAL,
18500,VILLAVICENCIO,META,,CENTRAL MINORISTA DE ABASTOS DE VILLAVICENCIO - CEMERCA Local G1302,0,0,COMERCIALIZABLE,COMERCIAL,165205000000,LOCAL,
18501,VILLAVICENCIO,META,,CENTRAL MINORISTA DE ABASTOS DE VILLAVICENCIO - CEMERCA Local G1303,0,0,COMERCIALIZABLE,COMERCIAL,165205000000,LOCAL,
18502,VILLAVICENCIO,META,,CENTRAL MINORISTA DE ABASTOS DE VILLAVICENCIO - CEMERCA Local G1311,0,0,COMERCIALIZABLE,COMERCIAL,142750000000,LOCAL,
18503,VILLAVICENCIO,META,,CENTRAL MINORISTA DE ABASTOS DE VILLAVICENCIO - CEMERCA Local G1312,0,0,COMERCIALIZABLE,COMERCIAL,177750000000,LOCAL,
18504,VILLAVICENCIO,META,,CENTRAL MINORISTA DE ABASTOS DE VILLAVICENCIO - CEMERCA Local G1313,0,0,COMERCIALIZABLE,COMERCIAL,165205000000,LOCAL,
18505,VILLAVICENCIO,META,,CENTRAL MINORISTA DE ABASTOS DE VILLAVICENCIO - CEMERCA Local G1319,0,0,COMERCIALIZABLE,COMERCIAL,165205000000,LOCAL,
18506,VILLAVICENCIO,META,,CENTRAL MINORISTA DE ABASTOS DE VILLAVICENCIO - CEMERCA Local G1320,0,0,COMERCIALIZABLE,COMERCIAL,165205000000,LOCAL,
18507,VILLAVICENCIO,META,,CENTRAL MINORISTA DE ABASTOS DE VILLAVICENCIO - CEMERCA Local G1401,0,0,COMERCIALIZABLE,COMERCIAL,216000000000,LOCAL,
18508,VILLAVICENCIO,META,,CENTRAL MINORISTA DE ABASTOS DE VILLAVICENCIO - CEMERCA Local G1402,0,0,COMERCIALIZABLE,COMERCIAL,194815000000,LOCAL,
18509,VILLAVICENCIO,META,,CENTRAL MINORISTA DE ABASTOS DE VILLAVICENCIO - CEMERCA Local G1403,0,0,COMERCIALIZABLE,COMERCIAL,194815000000,LOCAL,
18510,VILLAVICENCIO,META,,CENTRAL MINORISTA DE ABASTOS DE VILLAVICENCIO - CEMERCA Local G1410,0,0,COMERCIALIZABLE,COMERCIAL,207250000000,LOCAL,
18511,VILLAVICENCIO,META,,CENTRAL MINORISTA DE ABASTOS DE VILLAVICENCIO - CEMERCA Local G1411,0,0,COMERCIALIZABLE,COMERCIAL,213000000000,LOCAL,
18512,VILLAVICENCIO,META,,CENTRAL MINORISTA DE ABASTOS DE VILLAVICENCIO - CEMERCA Local G1419,0,0,COMERCIALIZABLE,COMERCIAL,200220000000,LOCAL,
18513,VILLAVICENCIO,META,,CENTRAL MINORISTA DE ABASTOS DE VILLAVICENCIO - CEMERCA Local G1421,0,0,COMERCIALIZABLE,COMERCIAL,227500000000,LOCAL,
18522,VILLAVICENCIO,META,,CENTRAL MINORISTA DE ABASTOS DE VILLAVICENCIO - CEMERCA Local R0301,0,0,COMERCIALIZABLE,COMERCIAL,302000000000,LOCAL,
18523,VILLAVICENCIO,META,,CENTRAL MINORISTA DE ABASTOS DE VILLAVICENCIO - CEMERCA Local R0302,0,0,COMERCIALIZABLE,COMERCIAL,302000000000,LOCAL,
18524,VILLAVICENCIO,META,,CENTRAL MINORISTA DE ABASTOS DE VILLAVICENCIO - CEMERCA Local R0303,0,0,COMERCIALIZABLE,COMERCIAL,302000000000,LOCAL,
18525,VILLAVICENCIO,META,,CENTRAL MINORISTA DE ABASTOS DE VILLAVICENCIO - CEMERCA Local R0403,0,0,COMERCIALIZABLE,COMERCIAL,302000000000,LOCAL,
18532,VILLAVICENCIO,META,,CENTRAL MINORISTA DE ABASTOS DE VILLAVICENCIO - CEMERCA Local R0702,0,0,COMERCIALIZABLE,COMERCIAL,410720000000,LOCAL,
18538,SAN ANTONIO DEL TEQUENDAMA,CUNDINAMARCA,,"LOTE DE TERRENO SAN JOSÉ, VEREDA QUEBRADA GRANDE",0,0,COMERCIALIZABLE CON RESTRICCION,RURAL,18333741240000,FINCA,
18547,BOGOTA,CUNDINAMARCA,,CL 42 A SUR  72H 18,0,0,COMERCIALIZABLE CON RESTRICCION,DOS,1674180000000,CASA,
18571,GIRARDOT,CUNDINAMARCA,,"LOCAL No. 10 CENTRO COMERCIAL ""EL PEÑON INN PLAZA""",0,0,COMERCIALIZABLE CON RESTRICCION,COMERCIAL,5527387985000,LOCAL,
18572,GIRARDOT,CUNDINAMARCA,,"CONDOMINIO ""LAGOS DEL PEÑON"" AREA DE RESERVA ""I"" LAGO PRINCIPAL",0,0,COMERCIALIZABLE,SEIS,65794830000000,LOTE NO URBANIZABLE,
18644,BARRANQUILLA,ATLÁNTICO,EL PRADO,CARRERA 54 # 68-124,0,0,COMERCIALIZABLE CON RESTRICCION,CUATRO,36673427000000,LOTE CON CONSTRUCCION,
18697,IBAGUE,TOLIMA,,EL PLACER FRACCION SALADO,0,0,COMERCIALIZABLE CON RESTRICCION,RURAL,5177907200000,LOTE CON CONSTRUCCION,
18706,MANIZALES,CALDAS,,CL. 12 # 2A-05 LOCAL B-4 TORRE B,0,0,COMERCIALIZABLE CON RESTRICCION,TRES,2041576200000,LOCAL,"¡GRAN OPORTUNIDAD!, LOCAL COMERCIAL UBICADO EN MANIZALES EN EL BARRIO VILLA PILAR, CON ÁREA DE 95.49MT2"
18831,EL PLAYON,SANTANDER,,CR. 5 # 12-47 LT 19 MZ K URB. EL REFUGIO,0,0,COMERCIALIZABLE CON RESTRICCION,DOS,3644256000000,LOTE VIVIENDA,CISA COMERCIALIZA EL LOTE DE TERRENO SIN LAS MEJORAS EN EL LEVANTADAS.
18851,CARTAGENA,BOLÍVAR,,"KILÓMETRO 4  DE LA VÍA MAMONAL  CARRERA 56, #60D-240, #60D-170, BODEGA 25 BARRIO ARROZ BARATO SECTOR PUERTA DE HIERRO",0,0,COMERCIALIZABLE,COMERCIAL,0,BODEGA,"ESTE PORCENTAJE DE PROPIEDAD SE VENDE JUNTO CON OTROS 14 QUE CORRESPONDEN A BODEGAS UBICADAS EN LA  MISMA ZONA, POR UN PRECIO MINIMO DE VENTA DE $280.772.600."
18871,SANTANDER DE QUILICHAO,CAUCA,VILLA DEL SUR,CL 9 AS # 10-49 LT 14 MZ G  BARRIO VILLA DEL SUR ANTES BARRIO ANTONIO NARIÑO,0,0,COMERCIALIZABLE CON RESTRICCION,DOS,341715000000,LOTE CON CONSTRUCCION,"LOTE DE TERRENO CON CONSTRUCCION

EL VALOR DE VENTA SOLO CORRESPONDE AL LOTE

NMUEBLE OCUPADO"
18878,BOGOTA,CUNDINAMARCA,,CL. 17 # 7-67 EDIFICIO JUNIN LOCAL 5 PISO 2,0,0,COMERCIALIZABLE CON RESTRICCION,TRES,2354660000000,LOCAL,
18921,BOGOTA,CUNDINAMARCA,,CL 53B # 25-21  LOCAL 2166  GALERIAS CIUDADELA COMERCIAL,0,0,COMERCIALIZABLE CON RESTRICCION,COMERCIAL,18687408200000,LOCAL,
18976,CARTAGENA,BOLÍVAR,,"LOTE No. 13 SEGREGADO DEL DENOMINADO ""GRACIAS A DIOS""",0,0,COMERCIALIZABLE CON RESTRICCION,RURAL,45728308530000,LOTE INDUSTRIAL,"OPORTUNIDAD DE INVERTIR EN EXCELENTE PREDIO UBICADO SOBRE LA VÍA A MAMONAL, IMPORTANTE SECTOR INDUSTRIAL Y LOGÍSTICO DE CARTAGENA."
18977,BOGOTA,CUNDINAMARCA,,CR 18 A  No. 59 - 30 SUR,0,0,COMERCIALIZABLE CON RESTRICCION,DOS,5726137000000,BODEGA,
18979,CURITI,SANTANDER,,FINCA LA ESPERANZA - VEREDA PALO BLANCO BAJO (HOY HOTEL KIMBALA),0,0,COMERCIALIZABLE CON RESTRICCION,RURAL,55248601890000,FINCA,
18980,ENVIGADO,ANTIOQUIA,,VEREDA PANTANILLO - CONDOMINIO CAMPESTRE PH - LOTE No. 9,0,0,COMERCIALIZABLE TERCEROS,RURAL,17712098400000,LOTE VIVIENDA,"¡GRAN OPORTUNIDAD!, LOTE UBICADO EN EL CONDOMINIO CASA CAMPESTRE, CON EXCELENTE UBICACIÓN Y ÁREA. INMUEBLE PROPIEDAD UARIV"
19004,MONTERIA,CÓRDOBA,,CALLE 64 NO. 8 A 56 - BRR. LA CASTELLANA,0,0,COMERCIALIZABLE TERCEROS,CINCO,10202150000000,CASA,INMUEBLE PROPIEDAD DE LA UNIDAD DE REPARACIÓN DE VÍCTIMAS - UARIV
19006,MONTERIA,CÓRDOBA,,CALLE 59 NO. 10 A 48 - BRR. LA CASTELLANA,0,0,COMERCIALIZABLE TERCEROS,CUATRO,5254080000000,CASA,INMUEBLE PROPIEDAD DE LA UNIDAD DE REPARACIÓN DE VÍCTIMAS - UARIV
19016,CHIA,CUNDINAMARCA,,LOTE SAN SEBASTIAN,0,0,COMERCIALIZABLE CON RESTRICCION,RURAL,5771550000000,CASA,
19131,BOGOTA,CUNDINAMARCA,,CARRERA 42 A  No. 10 A - 09,0,0,COMERCIALIZABLE,TRES,33360900000000,BODEGA,
19181,MONTERIA,CÓRDOBA,,CALLE 64 NO. 8 A 53 - BARRIO LA CASTELLANA,0,0,COMERCIALIZABLE TERCEROS,CINCO,5449160000000,CASA,
19185,EL AGUILA,VALLE DEL CAUCA,,FINCA LA QUINTA LOTE PARAJE EL EMBAL,0,0,COMERCIALIZABLE,RURAL,3787282600000,LOTE CON CONSTRUCCION,
19189,ANGOSTURA,ANTIOQUIA,,Lote No. 4 - Corregimiento de los Llanos de Cuiva,0,0,COMERCIALIZABLE CON RESTRICCION,DOS,24581464440000,LOTE MIXTO,"EL INMEUBLE ESTA UBICADO EN LA VEREDA: LLANOS DE CUIVA DEL MUNICIPIO DE ANGOSTURA, DEPARTAMENTO: ANTIOQUIA CON DESTINACION AGROPECUARIA"
19193,CAUCASIA,ANTIOQUIA,,Lote El Triángulo - Cra. 26 con Calle 15,0,0,COMERCIALIZABLE TERCEROS,DOS,5821480000000,LOTE,"LOTE DE TERRENO DE 4.892 M2, UBICADO EN CARRERA 26 CON CALLE 15, ACTUALMENTE SE ENCUENTRA ADECUADO PARA EL FUNCIONAMIENTO DE UNA CANCHA DE FÚTBOL."
19195,MONTERIA,CÓRDOBA,,Parcela 8 Castillo Diaz - Las Tangas. Vereda Guasimal,0,0,COMERCIALIZABLE TERCEROS,RURAL,673191500000,FINCA,"INMUEBLE RURAL, CORREGIMIENTO DE VILLA NUEVA, MUNICIPIO DE VALENCIA, LOTE DE TERRENO CON DESTINACIÓN AGRICOLA - GANADERA, CON 8.92 HA"
19196,MONTERIA,CÓRDOBA,,Parcela 7 Damasco - Vereda Guasimal,0,0,COMERCIALIZABLE TERCEROS,RURAL,3954650000000,FINCA,"INMUEBLE RURAL DE 35 HA UBICADA EN PARCELA 7 DAMASCO VEREDA GUASIMAL MUNICIPIO DE VALENCIA DEPARTAMENTO DE CÓRDOBA ,LOTE DE TERRENO CON DESTINACIÓN GANADERA"
19201,MEDELLIN,ANTIOQUIA,,Calle 4 No. 18-55 Apto. 1506 - Torre 1 - Balcones de la Calera,0,0,COMERCIALIZABLE TERCEROS,SEIS,12334844000000,APARTAMENTO,"¡EXCELENTE OPORTUNIDAD! APARTAMENTO UBICADO EN EL POBLADO UNIDAD RESIDENCIAL BALCONES DE LA CALERA, ÁREA 241,80 M2. APARTAMENTO CON  3 HABITACIONES CON BAÑO Y CLOSET, ALCOBA PRINCIPAL BAÑO Y VESTIER, COMEDOR, SALA ESTAR, CUARTO Y BAÑO DE SERVICIO, CU"
19205,MEDELLIN,ANTIOQUIA,,CL 49B  No. 64B-54  ED SAN PABLO  OF 302,0,0,COMERCIALIZABLE,COMERCIAL,2685391200000,OFICINA,"¡GRAN OPORTUNIDAD! OFICINA UBICADA EN EL EDIFICIO SAN PABLO EN EL BARRIO SURAMERICANA, LA OFICINA  SE DISTRIBUYE DE LA SIGUIENTE MANERA: ACCESO, RECEPCIÓN, OFICINA EN UN SOLO AMBIENTE, DEPOSITO, BAÑO Y COCINA CON UN ÁREA DE 72 M2"
19205,MEDELLIN,ANTIOQUIA,,CL 49B  No. 64B-54  ED SAN PABLO  OF 302,0,0,COMERCIALIZABLE VENTA ANTICIPADA,COMERCIAL,2685391200000,OFICINA,"¡GRAN OPORTUNIDAD! OFICINA UBICADA EN EL EDIFICIO SAN PABLO EN EL BARRIO SURAMERICANA, LA OFICINA  SE DISTRIBUYE DE LA SIGUIENTE MANERA: ACCESO, RECEPCIÓN, OFICINA EN UN SOLO AMBIENTE, DEPOSITO, BAÑO Y COCINA CON UN ÁREA DE 72 M2"
19206,MEDELLIN,ANTIOQUIA,,CL 49B  No. 64B-54  ED SAN PABLO  OF 207,0,0,COMERCIALIZABLE,COMERCIAL,2890525250000,OFICINA,"¡GRAN OPORTUNIDAD! OFICINA UBICADA EN EL EDIFICIO SAN PABLO EN EL BARRIO SURAMERICANA, LA OFICINA  SE DISTRIBUYE DE LA SIGUIENTE MANERA: ACCESO, RECEPCIÓN, OFICINA EN UN SOLO AMBIENTE, DEPOSITO, BAÑO Y COCINA CON UN ÁREA DE 78 M2."
19206,MEDELLIN,ANTIOQUIA,,CL 49B  No. 64B-54  ED SAN PABLO  OF 207,0,0,COMERCIALIZABLE VENTA ANTICIPADA,COMERCIAL,2890525250000,OFICINA,"¡GRAN OPORTUNIDAD! OFICINA UBICADA EN EL EDIFICIO SAN PABLO EN EL BARRIO SURAMERICANA, LA OFICINA  SE DISTRIBUYE DE LA SIGUIENTE MANERA: ACCESO, RECEPCIÓN, OFICINA EN UN SOLO AMBIENTE, DEPOSITO, BAÑO Y COCINA CON UN ÁREA DE 78 M2."
19208,CARTAGENA,BOLÍVAR,,Cra. 6 No. 8-26 Lote No. 119,0,0,COMERCIALIZABLE,COMERCIAL,76590000000000,LOTE,
19209,BARRANQUILLA,ATLÁNTICO,,CR 51 B No. 76-136 ED CENTRO EMPRESARIAL LA PREVISORA OFICINA 203 PARQUEADERO 46,0,0,COMERCIALIZABLE,SEIS,2132057600000,OFICINA,"NO PIERDAS LA OPORTUNIDAD DE UBICAR TU OFICINA EN UN EXCELENTE SECTOR DE LA CIUDAD, CUENTA CON EL ESPACIO QUE NECESITAS."
19209,BARRANQUILLA,ATLÁNTICO,,CR 51 B No. 76-136 ED CENTRO EMPRESARIAL LA PREVISORA OFICINA 203 PARQUEADERO 46,0,0,COMERCIALIZABLE VENTA ANTICIPADA,SEIS,2132057600000,OFICINA,"NO PIERDAS LA OPORTUNIDAD DE UBICAR TU OFICINA EN UN EXCELENTE SECTOR DE LA CIUDAD, CUENTA CON EL ESPACIO QUE NECESITAS."
19210,BARRANQUILLA,ATLÁNTICO,,CR 51 B No. 76-136 ED CENTRO EMPRESARIAL LA PREVISORA OFICINA 204 PARQUEADERO 47,0,0,COMERCIALIZABLE,SEIS,2221324800000,OFICINA,"NO PIERDAS LA OPORTUNIDAD DE UBICAR TU OFICINA EN UN EXCELENTE SECTOR DE LA CIUDAD, CUENTA CON EL ESPACIO QUE NECESITAS."
19210,BARRANQUILLA,ATLÁNTICO,,CR 51 B No. 76-136 ED CENTRO EMPRESARIAL LA PREVISORA OFICINA 204 PARQUEADERO 47,0,0,COMERCIALIZABLE VENTA ANTICIPADA,SEIS,2221324800000,OFICINA,"NO PIERDAS LA OPORTUNIDAD DE UBICAR TU OFICINA EN UN EXCELENTE SECTOR DE LA CIUDAD, CUENTA CON EL ESPACIO QUE NECESITAS."
19211,BARRANQUILLA,ATLÁNTICO,,CR 51 B No. 76-136 ED CENTRO EMPRESARIAL LA PREVISORA OFICINA 205 PARQUEADERO 48,0,0,COMERCIALIZABLE,SEIS,2132057600000,OFICINA,"NO PIERDAS LA OPORTUNIDAD DE UBICAR TU OFICINA EN UN EXCELENTE SECTOR DE LA CIUDAD, CUENTA CON EL ESPACIO QUE NECESITAS."
19211,BARRANQUILLA,ATLÁNTICO,,CR 51 B No. 76-136 ED CENTRO EMPRESARIAL LA PREVISORA OFICINA 205 PARQUEADERO 48,0,0,COMERCIALIZABLE VENTA ANTICIPADA,SEIS,2132057600000,OFICINA,"NO PIERDAS LA OPORTUNIDAD DE UBICAR TU OFICINA EN UN EXCELENTE SECTOR DE LA CIUDAD, CUENTA CON EL ESPACIO QUE NECESITAS."
19212,BARRANQUILLA,ATLÁNTICO,,CR 51 B No. 76-136 ED CENTRO EMPRESARIAL LA PREVISORA OFICINA 206 PARQUEADERO 32,0,0,COMERCIALIZABLE,SEIS,1861440000000,OFICINA,"NO PIERDAS LA OPORTUNIDAD DE UBICAR TU OFICINA EN UN EXCELENTE SECTOR DE LA CIUDAD, CUENTA CON EL ESPACIO QUE NECESITAS."
19212,BARRANQUILLA,ATLÁNTICO,,CR 51 B No. 76-136 ED CENTRO EMPRESARIAL LA PREVISORA OFICINA 206 PARQUEADERO 32,0,0,COMERCIALIZABLE VENTA ANTICIPADA,SEIS,1861440000000,OFICINA,"NO PIERDAS LA OPORTUNIDAD DE UBICAR TU OFICINA EN UN EXCELENTE SECTOR DE LA CIUDAD, CUENTA CON EL ESPACIO QUE NECESITAS."
19213,BARRANQUILLA,ATLÁNTICO,,CR 51 B No. 76-136 ED CENTRO EMPRESARIAL LA PREVISORA OFICINA 207 PARQUEADERO 33,0,0,COMERCIALIZABLE,SEIS,1861440000000,OFICINA,"NO PIERDAS LA OPORTUNIDAD DE UBICAR TU OFICINA EN UN EXCELENTE SECTOR DE LA CIUDAD, CUENTA CON EL ESPACIO QUE NECESITAS."
19213,BARRANQUILLA,ATLÁNTICO,,CR 51 B No. 76-136 ED CENTRO EMPRESARIAL LA PREVISORA OFICINA 207 PARQUEADERO 33,0,0,COMERCIALIZABLE VENTA ANTICIPADA,SEIS,1861440000000,OFICINA,"NO PIERDAS LA OPORTUNIDAD DE UBICAR TU OFICINA EN UN EXCELENTE SECTOR DE LA CIUDAD, CUENTA CON EL ESPACIO QUE NECESITAS."
19214,BARRANQUILLA,ATLÁNTICO,,CR 51 B No. 76-136 ED CENTRO EMPRESARIAL LA PREVISORA OFICINA 208,0,0,COMERCIALIZABLE,SEIS,1590195200000,OFICINA,"NO PIERDAS LA OPORTUNIDAD DE UBICAR TU OFICINA EN UN EXCELENTE SECTOR DE LA CIUDAD, CUENTA CON EL ESPACIO QUE NECESITAS."
19214,BARRANQUILLA,ATLÁNTICO,,CR 51 B No. 76-136 ED CENTRO EMPRESARIAL LA PREVISORA OFICINA 208,0,0,COMERCIALIZABLE VENTA ANTICIPADA,SEIS,1590195200000,OFICINA,"NO PIERDAS LA OPORTUNIDAD DE UBICAR TU OFICINA EN UN EXCELENTE SECTOR DE LA CIUDAD, CUENTA CON EL ESPACIO QUE NECESITAS."
19221,MONTERIA,CÓRDOBA,,Calle 23 No. 1 - 18,0,0,COMERCIALIZABLE,COMERCIAL,14356563410000,CASA,
19222,TURBO,ANTIOQUIA,,Calle 100 No. 24 - 296,0,0,COMERCIALIZABLE CON RESTRICCION,RURAL,16957400000000,LOTE,
19223,GIRARDOT,CUNDINAMARCA,,Avenida el Peñon Barrio el Peñon Portachuelo,0,0,COMERCIALIZABLE,COMERCIAL,103439900000000,CLINICA,
19224,CUCUTA,NORTE DE SANTANDER,,Avenida Carrera 4 No 11-10  Oficina No 401 -EDIFICIO DEL BANCO CENTRAL,0,0,COMERCIALIZABLE,COMERCIAL,1510603500000,OFICINA,
19225,CUCUTA,NORTE DE SANTANDER,,Avenida Carrera 4 No 11-10  Oficina No 402 - EDIFICIO DEL BANCO CENTRAL,0,0,COMERCIALIZABLE,COMERCIAL,1972190500000,OFICINA,
19226,CUCUTA,NORTE DE SANTANDER,,Avenida Carrera 4 No 11-10  Oficina No 502 - EDIFICIO DEL BANCO CENTRAL,0,0,COMERCIALIZABLE,COMERCIAL,1972190500000,OFICINA,
19227,CUCUTA,NORTE DE SANTANDER,,Avenida Carrera 4 No 11-10 Oficina No 301 - EDIFICIO DEL BANCO CENTRAL,0,0,COMERCIALIZABLE,COMERCIAL,1377450000000,OFICINA,
19228,CUCUTA,NORTE DE SANTANDER,,Avenida Carrera 4 No 11-10 Oficina No 302 - EDIFICIO DEL BANCO CENTRAL,0,0,COMERCIALIZABLE,COMERCIAL,1798350000000,OFICINA,
19229,CUCUTA,NORTE DE SANTANDER,,Avenida Carrera 4 No 11-10 Oficina No 501 - EDIFICIO DEL BANCO CENTRAL,0,0,COMERCIALIZABLE,COMERCIAL,1510603500000,OFICINA,
19274,BOGOTA,CUNDINAMARCA,,Carrera 17  No. 30 - 62,0,0,COMERCIALIZABLE,COMERCIAL,17616161100000,CASA,
19275,CUCUTA,NORTE DE SANTANDER,,Avenida 4  No. 11 - 10 Oficina 201,0,0,COMERCIALIZABLE,COMERCIAL,1379700000000,OFICINA,
19276,CUCUTA,NORTE DE SANTANDER,,Avenida 4  No. 11 - 10 Oficina 202,0,0,COMERCIALIZABLE,COMERCIAL,1798350000000,OFICINA,
19285,BOGOTA,CUNDINAMARCA,,CL 19 13A 12 LOCAL,0,0,COMERCIALIZABLE,COMERCIAL,6612000000000,LOCAL,
19285,BOGOTA,CUNDINAMARCA,,CL 19 13A 12 LOCAL,0,0,COMERCIALIZABLE VENTA ANTICIPADA,COMERCIAL,6612000000000,LOCAL,
19286,BOGOTA,CUNDINAMARCA,,CL 19 13A 12 LOCAL 01,0,0,COMERCIALIZABLE VENTA ANTICIPADA,COMERCIAL,7843368200000,LOCAL,
19287,BOGOTA,CUNDINAMARCA,,CL 19 13A 12 LOCAL 104,0,0,COMERCIALIZABLE,COMERCIAL,4805444000000,LOCAL,
19287,BOGOTA,CUNDINAMARCA,,CL 19 13A 12 LOCAL 104,0,0,COMERCIALIZABLE VENTA ANTICIPADA,COMERCIAL,4805444000000,LOCAL,
19288,MANIZALES,CALDAS,,Carrera 20 No. 21-07/17 y Calle 21 No. 19 - 31/41/45/49,0,0,COMERCIALIZABLE,COMERCIAL,66147000000000,EDIFICIO,
19292,BOGOTA,CUNDINAMARCA,,CL 72 No. 12 - 77,0,0,COMERCIALIZABLE,COMERCIAL,164605915000000,EDIFICIO,
19292,BOGOTA,CUNDINAMARCA,,CL 72 No. 12 - 77,0,0,COMERCIALIZABLE VENTA ANTICIPADA,COMERCIAL,164605915000000,EDIFICIO,
19295,BOGOTA,CUNDINAMARCA,,Garaje 15 Calle 123 9C-45 Edificio EDJAK,0,0,COMERCIALIZABLE,SEIS,299400000000,GARAJE,
19296,BOGOTA,CUNDINAMARCA,,Garaje 14 Calle 123 9C-45 Edificio EDJAK,0,0,COMERCIALIZABLE,SEIS,301500000000,GARAJE,
19297,CALI,VALLE DEL CAUCA,,"Calle 5D 38A-35 Proyecto ""Vida Centro Profesional"" Oficina -1007 Piso 10 Ala 2",0,0,COMERCIALIZABLE,COMERCIAL,2369554000000,OFICINA,
19303,BOGOTA,CUNDINAMARCA,,Carrera 10 No. 19-79 Ofc. 905 - CAMACOL,0,0,COMERCIALIZABLE TERCEROS,TRES,5038719600000,OFICINA,
19304,BOGOTA,CUNDINAMARCA,,Av. 15 No. 127 B 78 Apto. 1201 - Edificio Mirador del Country,0,0,COMERCIALIZABLE TERCEROS,SEIS,20426879879800,APARTAMENTO,
19330,BOGOTA,CUNDINAMARCA,,KR 100 17A 41 LC 334,0,0,COMERCIALIZABLE CON RESTRICCION,TRES,303688000000,LOCAL,
19331,VILLAVICENCIO,META,,Calle 34 No. 41 - 31,0,0,COMERCIALIZABLE VENTA ANTICIPADA,CINCO,10400137300000,CASA,
19339,TARAZA,ANTIOQUIA,,CALLE 47B N° 27 - 25 APARTAMENTO 201 BLOQUE 3,0,0,COMERCIALIZABLE TERCEROS,DOS,807621000000,APARTAMENTO,"APARTAMENTO UBICADO EN LA URBANIZACION SAN MARTIN II MUNICIPIO DE TARAZÁ ÁREA 92.83 M2 APROX. CON UNA DISTRIBUCIÓN TRES HABITACIONES, DOS BAÑOS, PATIO DESCUBIERTO CON ZONA DE ROPAS, SALA – COMEDOR Y COCINA."
19353,BOGOTA,CUNDINAMARCA,,Calle 53B 25 21 Of. 2170,0,0,COMERCIALIZABLE CON RESTRICCION,COMERCIAL,4023495000000,OFICINA,
